id_1,id_2
rec-75562-org,rec-75562-dup-0
rec-1277-org,rec-1277-dup-0
rec-20320-org,rec-20320-dup-0
rec-39289-org,rec-39289-dup-0
rec-17664-org,rec-17664-dup-0
rec-30483-org,rec-30483-dup-0
rec-72158-org,rec-72158-dup-0
rec-56468-org,rec-56468-dup-0
rec-55072-org,rec-55072-dup-0
rec-40293-org,rec-40293-dup-0
rec-51915-org,rec-51915-dup-0
rec-17618-org,rec-17618-dup-0
rec-88409-org,rec-88409-dup-0
rec-19527-org,rec-19527-dup-0
rec-16257-org,rec-16257-dup-0
rec-26637-org,rec-26637-dup-0
rec-34621-org,rec-34621-dup-0
rec-31960-org,rec-31960-dup-0
rec-39020-org,rec-39020-dup-0
rec-16293-org,rec-16293-dup-0
rec-52218-org,rec-52218-dup-0
rec-46658-org,rec-46658-dup-0
rec-48208-org,rec-48208-dup-0
rec-23567-org,rec-23567-dup-0
rec-35968-org,rec-35968-dup-0
rec-20145-org,rec-20145-dup-0
rec-81881-org,rec-81881-dup-0
rec-23025-org,rec-23025-dup-0
rec-31230-org,rec-31230-dup-0
rec-450-org,rec-450-dup-0
rec-41890-org,rec-41890-dup-0
rec-46830-org,rec-46830-dup-0
rec-77975-org,rec-77975-dup-0
rec-64004-org,rec-64004-dup-0
rec-84707-org,rec-84707-dup-0
rec-46842-org,rec-46842-dup-0
rec-40261-org,rec-40261-dup-0
rec-51889-org,rec-51889-dup-0
rec-59754-org,rec-59754-dup-0
rec-36461-org,rec-36461-dup-0
rec-8815-org,rec-8815-dup-0
rec-74415-org,rec-74415-dup-0
rec-46331-org,rec-46331-dup-0
rec-78840-org,rec-78840-dup-0
rec-15084-org,rec-15084-dup-0
rec-43963-org,rec-43963-dup-0
rec-53680-org,rec-53680-dup-0
rec-85061-org,rec-85061-dup-0
rec-5120-org,rec-5120-dup-0
rec-59750-org,rec-59750-dup-0
rec-42347-org,rec-42347-dup-0
rec-65097-org,rec-65097-dup-0
rec-71489-org,rec-71489-dup-0
rec-88500-org,rec-88500-dup-0
rec-14788-org,rec-14788-dup-0
rec-72295-org,rec-72295-dup-0
rec-69285-org,rec-69285-dup-0
rec-28069-org,rec-28069-dup-0
rec-47954-org,rec-47954-dup-0
rec-79558-org,rec-79558-dup-0
rec-45864-org,rec-45864-dup-0
rec-3241-org,rec-3241-dup-0
rec-82383-org,rec-82383-dup-0
rec-10515-org,rec-10515-dup-0
rec-81499-org,rec-81499-dup-0
rec-74751-org,rec-74751-dup-0
rec-47908-org,rec-47908-dup-0
rec-27545-org,rec-27545-dup-0
rec-27308-org,rec-27308-dup-0
rec-66727-org,rec-66727-dup-0
rec-56609-org,rec-56609-dup-0
rec-10794-org,rec-10794-dup-0
rec-32890-org,rec-32890-dup-0
rec-36698-org,rec-36698-dup-0
rec-7914-org,rec-7914-dup-0
rec-21081-org,rec-21081-dup-0
rec-53987-org,rec-53987-dup-0
rec-68861-org,rec-68861-dup-0
rec-72810-org,rec-72810-dup-0
rec-64136-org,rec-64136-dup-0
rec-66985-org,rec-66985-dup-0
rec-53485-org,rec-53485-dup-0
rec-27032-org,rec-27032-dup-0
rec-22834-org,rec-22834-dup-0
rec-51451-org,rec-51451-dup-0
rec-38761-org,rec-38761-dup-0
rec-80108-org,rec-80108-dup-0
rec-52259-org,rec-52259-dup-0
rec-49641-org,rec-49641-dup-0
rec-73832-org,rec-73832-dup-0
rec-68932-org,rec-68932-dup-0
rec-50214-org,rec-50214-dup-0
rec-69914-org,rec-69914-dup-0
rec-68876-org,rec-68876-dup-0
rec-50506-org,rec-50506-dup-0
rec-76943-org,rec-76943-dup-0
rec-8803-org,rec-8803-dup-0
rec-49845-org,rec-49845-dup-0
rec-56025-org,rec-56025-dup-0
rec-36848-org,rec-36848-dup-0
rec-87111-org,rec-87111-dup-0
rec-1233-org,rec-1233-dup-0
rec-24431-org,rec-24431-dup-0
rec-34374-org,rec-34374-dup-0
rec-32650-org,rec-32650-dup-0
rec-14969-org,rec-14969-dup-0
rec-30995-org,rec-30995-dup-0
rec-89996-org,rec-89996-dup-0
rec-83836-org,rec-83836-dup-0
rec-13278-org,rec-13278-dup-0
rec-3763-org,rec-3763-dup-0
rec-84281-org,rec-84281-dup-0
rec-40864-org,rec-40864-dup-0
rec-69334-org,rec-69334-dup-0
rec-34907-org,rec-34907-dup-0
rec-54015-org,rec-54015-dup-0
rec-56707-org,rec-56707-dup-0
rec-22761-org,rec-22761-dup-0
rec-22120-org,rec-22120-dup-0
rec-66704-org,rec-66704-dup-0
rec-15713-org,rec-15713-dup-0
rec-76558-org,rec-76558-dup-0
rec-89767-org,rec-89767-dup-0
rec-60964-org,rec-60964-dup-0
rec-42954-org,rec-42954-dup-0
rec-46940-org,rec-46940-dup-0
rec-10737-org,rec-10737-dup-0
rec-55408-org,rec-55408-dup-0
rec-84439-org,rec-84439-dup-0
rec-13622-org,rec-13622-dup-0
rec-52321-org,rec-52321-dup-0
rec-14906-org,rec-14906-dup-0
rec-53087-org,rec-53087-dup-0
rec-28599-org,rec-28599-dup-0
rec-33111-org,rec-33111-dup-0
rec-29311-org,rec-29311-dup-0
rec-30669-org,rec-30669-dup-0
rec-89483-org,rec-89483-dup-0
rec-19614-org,rec-19614-dup-0
rec-27000-org,rec-27000-dup-0
rec-47311-org,rec-47311-dup-0
rec-84259-org,rec-84259-dup-0
rec-85599-org,rec-85599-dup-0
rec-37664-org,rec-37664-dup-0
rec-6247-org,rec-6247-dup-0
rec-75807-org,rec-75807-dup-0
rec-88973-org,rec-88973-dup-0
rec-31968-org,rec-31968-dup-0
rec-82457-org,rec-82457-dup-0
rec-5554-org,rec-5554-dup-0
rec-2799-org,rec-2799-dup-0
rec-32966-org,rec-32966-dup-0
rec-61527-org,rec-61527-dup-0
rec-85088-org,rec-85088-dup-0
rec-36883-org,rec-36883-dup-0
rec-83400-org,rec-83400-dup-0
rec-82224-org,rec-82224-dup-0
rec-86683-org,rec-86683-dup-0
rec-20417-org,rec-20417-dup-0
rec-68224-org,rec-68224-dup-0
rec-15587-org,rec-15587-dup-0
rec-45207-org,rec-45207-dup-0
rec-79596-org,rec-79596-dup-0
rec-18659-org,rec-18659-dup-0
rec-31270-org,rec-31270-dup-0
rec-56444-org,rec-56444-dup-0
rec-31604-org,rec-31604-dup-0
rec-925-org,rec-925-dup-0
rec-38739-org,rec-38739-dup-0
rec-7420-org,rec-7420-dup-0
rec-83063-org,rec-83063-dup-0
rec-4425-org,rec-4425-dup-0
rec-81303-org,rec-81303-dup-0
rec-42250-org,rec-42250-dup-0
rec-26129-org,rec-26129-dup-0
rec-83786-org,rec-83786-dup-0
rec-30276-org,rec-30276-dup-0
rec-11814-org,rec-11814-dup-0
rec-79537-org,rec-79537-dup-0
rec-61749-org,rec-61749-dup-0
rec-88338-org,rec-88338-dup-0
rec-70538-org,rec-70538-dup-0
rec-89421-org,rec-89421-dup-0
rec-9605-org,rec-9605-dup-0
rec-65132-org,rec-65132-dup-0
rec-1773-org,rec-1773-dup-0
rec-29489-org,rec-29489-dup-0
rec-80455-org,rec-80455-dup-0
rec-20997-org,rec-20997-dup-0
rec-62738-org,rec-62738-dup-0
rec-21916-org,rec-21916-dup-0
rec-45589-org,rec-45589-dup-0
rec-58520-org,rec-58520-dup-0
rec-85830-org,rec-85830-dup-0
rec-9426-org,rec-9426-dup-0
rec-36782-org,rec-36782-dup-0
rec-25399-org,rec-25399-dup-0
rec-14328-org,rec-14328-dup-0
rec-29984-org,rec-29984-dup-0
rec-36789-org,rec-36789-dup-0
rec-10096-org,rec-10096-dup-0
rec-33028-org,rec-33028-dup-0
rec-71211-org,rec-71211-dup-0
rec-71482-org,rec-71482-dup-0
rec-62587-org,rec-62587-dup-0
rec-43561-org,rec-43561-dup-0
rec-47923-org,rec-47923-dup-0
rec-814-org,rec-814-dup-0
rec-89083-org,rec-89083-dup-0
rec-87205-org,rec-87205-dup-0
rec-1227-org,rec-1227-dup-0
rec-29266-org,rec-29266-dup-0
rec-46076-org,rec-46076-dup-0
rec-32532-org,rec-32532-dup-0
rec-57818-org,rec-57818-dup-0
rec-51191-org,rec-51191-dup-0
rec-76626-org,rec-76626-dup-0
rec-77994-org,rec-77994-dup-0
rec-40860-org,rec-40860-dup-0
rec-51535-org,rec-51535-dup-0
rec-54320-org,rec-54320-dup-0
rec-80663-org,rec-80663-dup-0
rec-83214-org,rec-83214-dup-0
rec-52553-org,rec-52553-dup-0
rec-45847-org,rec-45847-dup-0
rec-67215-org,rec-67215-dup-0
rec-23726-org,rec-23726-dup-0
rec-25869-org,rec-25869-dup-0
rec-87866-org,rec-87866-dup-0
rec-26251-org,rec-26251-dup-0
rec-63447-org,rec-63447-dup-0
rec-70475-org,rec-70475-dup-0
rec-23542-org,rec-23542-dup-0
rec-1818-org,rec-1818-dup-0
rec-61984-org,rec-61984-dup-0
rec-79938-org,rec-79938-dup-0
rec-47486-org,rec-47486-dup-0
rec-55446-org,rec-55446-dup-0
rec-11859-org,rec-11859-dup-0
rec-16804-org,rec-16804-dup-0
rec-16422-org,rec-16422-dup-0
rec-34620-org,rec-34620-dup-0
rec-41987-org,rec-41987-dup-0
rec-18637-org,rec-18637-dup-0
rec-41465-org,rec-41465-dup-0
rec-31587-org,rec-31587-dup-0
rec-30290-org,rec-30290-dup-0
rec-40707-org,rec-40707-dup-0
rec-47398-org,rec-47398-dup-0
rec-84391-org,rec-84391-dup-0
rec-1475-org,rec-1475-dup-0
rec-3821-org,rec-3821-dup-0
rec-25370-org,rec-25370-dup-0
rec-26309-org,rec-26309-dup-0
rec-66111-org,rec-66111-dup-0
rec-10400-org,rec-10400-dup-0
rec-24328-org,rec-24328-dup-0
rec-14433-org,rec-14433-dup-0
rec-83077-org,rec-83077-dup-0
rec-36003-org,rec-36003-dup-0
rec-25739-org,rec-25739-dup-0
rec-20026-org,rec-20026-dup-0
rec-74722-org,rec-74722-dup-0
rec-31219-org,rec-31219-dup-0
rec-3244-org,rec-3244-dup-0
rec-32073-org,rec-32073-dup-0
rec-64712-org,rec-64712-dup-0
rec-33244-org,rec-33244-dup-0
rec-66573-org,rec-66573-dup-0
rec-87830-org,rec-87830-dup-0
rec-14718-org,rec-14718-dup-0
rec-69774-org,rec-69774-dup-0
rec-34181-org,rec-34181-dup-0
rec-18567-org,rec-18567-dup-0
rec-54207-org,rec-54207-dup-0
rec-30235-org,rec-30235-dup-0
rec-2978-org,rec-2978-dup-0
rec-45527-org,rec-45527-dup-0
rec-86616-org,rec-86616-dup-0
rec-13052-org,rec-13052-dup-0
rec-50329-org,rec-50329-dup-0
rec-87743-org,rec-87743-dup-0
rec-67364-org,rec-67364-dup-0
rec-74977-org,rec-74977-dup-0
rec-52412-org,rec-52412-dup-0
rec-56118-org,rec-56118-dup-0
rec-71739-org,rec-71739-dup-0
rec-89357-org,rec-89357-dup-0
rec-32431-org,rec-32431-dup-0
rec-79471-org,rec-79471-dup-0
rec-320-org,rec-320-dup-0
rec-12068-org,rec-12068-dup-0
rec-12212-org,rec-12212-dup-0
rec-79466-org,rec-79466-dup-0
rec-76238-org,rec-76238-dup-0
rec-39447-org,rec-39447-dup-0
rec-44381-org,rec-44381-dup-0
rec-56152-org,rec-56152-dup-0
rec-1709-org,rec-1709-dup-0
rec-58550-org,rec-58550-dup-0
rec-9531-org,rec-9531-dup-0
rec-78634-org,rec-78634-dup-0
rec-36622-org,rec-36622-dup-0
rec-26424-org,rec-26424-dup-0
rec-63604-org,rec-63604-dup-0
rec-49201-org,rec-49201-dup-0
rec-85062-org,rec-85062-dup-0
rec-27337-org,rec-27337-dup-0
rec-70869-org,rec-70869-dup-0
rec-85612-org,rec-85612-dup-0
rec-65401-org,rec-65401-dup-0
rec-60736-org,rec-60736-dup-0
rec-19199-org,rec-19199-dup-0
rec-66462-org,rec-66462-dup-0
rec-73701-org,rec-73701-dup-0
rec-87686-org,rec-87686-dup-0
rec-81954-org,rec-81954-dup-0
rec-81768-org,rec-81768-dup-0
rec-54501-org,rec-54501-dup-0
rec-73745-org,rec-73745-dup-0
rec-14309-org,rec-14309-dup-0
rec-10044-org,rec-10044-dup-0
rec-81723-org,rec-81723-dup-0
rec-2666-org,rec-2666-dup-0
rec-3348-org,rec-3348-dup-0
rec-49049-org,rec-49049-dup-0
rec-82781-org,rec-82781-dup-0
rec-21940-org,rec-21940-dup-0
rec-67544-org,rec-67544-dup-0
rec-25553-org,rec-25553-dup-0
rec-52097-org,rec-52097-dup-0
rec-44826-org,rec-44826-dup-0
rec-84253-org,rec-84253-dup-0
rec-59989-org,rec-59989-dup-0
rec-8011-org,rec-8011-dup-0
rec-37765-org,rec-37765-dup-0
rec-53796-org,rec-53796-dup-0
rec-29752-org,rec-29752-dup-0
rec-12948-org,rec-12948-dup-0
rec-36611-org,rec-36611-dup-0
rec-22794-org,rec-22794-dup-0
rec-42988-org,rec-42988-dup-0
rec-47336-org,rec-47336-dup-0
rec-1633-org,rec-1633-dup-0
rec-45092-org,rec-45092-dup-0
rec-72293-org,rec-72293-dup-0
rec-8863-org,rec-8863-dup-0
rec-33264-org,rec-33264-dup-0
rec-41871-org,rec-41871-dup-0
rec-13035-org,rec-13035-dup-0
rec-42897-org,rec-42897-dup-0
rec-17941-org,rec-17941-dup-0
rec-76982-org,rec-76982-dup-0
rec-59129-org,rec-59129-dup-0
rec-6217-org,rec-6217-dup-0
rec-43863-org,rec-43863-dup-0
rec-20227-org,rec-20227-dup-0
rec-12000-org,rec-12000-dup-0
rec-45994-org,rec-45994-dup-0
rec-42491-org,rec-42491-dup-0
rec-37702-org,rec-37702-dup-0
rec-15114-org,rec-15114-dup-0
rec-2222-org,rec-2222-dup-0
rec-34029-org,rec-34029-dup-0
rec-78157-org,rec-78157-dup-0
rec-60702-org,rec-60702-dup-0
rec-47257-org,rec-47257-dup-0
rec-70507-org,rec-70507-dup-0
rec-11512-org,rec-11512-dup-0
rec-77373-org,rec-77373-dup-0
rec-79358-org,rec-79358-dup-0
rec-58882-org,rec-58882-dup-0
rec-81692-org,rec-81692-dup-0
rec-57122-org,rec-57122-dup-0
rec-64332-org,rec-64332-dup-0
rec-55635-org,rec-55635-dup-0
rec-44211-org,rec-44211-dup-0
rec-66020-org,rec-66020-dup-0
rec-15408-org,rec-15408-dup-0
rec-88531-org,rec-88531-dup-0
rec-52142-org,rec-52142-dup-0
rec-19430-org,rec-19430-dup-0
rec-36684-org,rec-36684-dup-0
rec-59221-org,rec-59221-dup-0
rec-51317-org,rec-51317-dup-0
rec-58208-org,rec-58208-dup-0
rec-76796-org,rec-76796-dup-0
rec-38907-org,rec-38907-dup-0
rec-18159-org,rec-18159-dup-0
rec-63337-org,rec-63337-dup-0
rec-84598-org,rec-84598-dup-0
rec-80519-org,rec-80519-dup-0
rec-49052-org,rec-49052-dup-0
rec-44508-org,rec-44508-dup-0
rec-24898-org,rec-24898-dup-0
rec-86900-org,rec-86900-dup-0
rec-49760-org,rec-49760-dup-0
rec-45326-org,rec-45326-dup-0
rec-76475-org,rec-76475-dup-0
rec-85465-org,rec-85465-dup-0
rec-45760-org,rec-45760-dup-0
rec-47369-org,rec-47369-dup-0
rec-192-org,rec-192-dup-0
rec-8647-org,rec-8647-dup-0
rec-5794-org,rec-5794-dup-0
rec-49571-org,rec-49571-dup-0
rec-317-org,rec-317-dup-0
rec-51256-org,rec-51256-dup-0
rec-73014-org,rec-73014-dup-0
rec-33093-org,rec-33093-dup-0
rec-71438-org,rec-71438-dup-0
rec-25806-org,rec-25806-dup-0
rec-15315-org,rec-15315-dup-0
rec-51831-org,rec-51831-dup-0
rec-62871-org,rec-62871-dup-0
rec-27058-org,rec-27058-dup-0
rec-64365-org,rec-64365-dup-0
rec-35427-org,rec-35427-dup-0
rec-15821-org,rec-15821-dup-0
rec-88582-org,rec-88582-dup-0
rec-54971-org,rec-54971-dup-0
rec-74866-org,rec-74866-dup-0
rec-83915-org,rec-83915-dup-0
rec-72211-org,rec-72211-dup-0
rec-22123-org,rec-22123-dup-0
rec-60041-org,rec-60041-dup-0
rec-80798-org,rec-80798-dup-0
rec-3689-org,rec-3689-dup-0
rec-9491-org,rec-9491-dup-0
rec-56887-org,rec-56887-dup-0
rec-43727-org,rec-43727-dup-0
rec-88339-org,rec-88339-dup-0
rec-52504-org,rec-52504-dup-0
rec-62233-org,rec-62233-dup-0
rec-53798-org,rec-53798-dup-0
rec-45245-org,rec-45245-dup-0
rec-60712-org,rec-60712-dup-0
rec-47267-org,rec-47267-dup-0
rec-8763-org,rec-8763-dup-0
rec-29968-org,rec-29968-dup-0
rec-36357-org,rec-36357-dup-0
rec-42987-org,rec-42987-dup-0
rec-42125-org,rec-42125-dup-0
rec-87673-org,rec-87673-dup-0
rec-72315-org,rec-72315-dup-0
rec-3731-org,rec-3731-dup-0
rec-13623-org,rec-13623-dup-0
rec-77952-org,rec-77952-dup-0
rec-47743-org,rec-47743-dup-0
rec-22465-org,rec-22465-dup-0
rec-47489-org,rec-47489-dup-0
rec-56548-org,rec-56548-dup-0
rec-3268-org,rec-3268-dup-0
rec-28807-org,rec-28807-dup-0
rec-22418-org,rec-22418-dup-0
rec-70741-org,rec-70741-dup-0
rec-88649-org,rec-88649-dup-0
rec-47149-org,rec-47149-dup-0
rec-81059-org,rec-81059-dup-0
rec-58573-org,rec-58573-dup-0
rec-13390-org,rec-13390-dup-0
rec-84121-org,rec-84121-dup-0
rec-81682-org,rec-81682-dup-0
rec-78071-org,rec-78071-dup-0
rec-941-org,rec-941-dup-0
rec-15245-org,rec-15245-dup-0
rec-19818-org,rec-19818-dup-0
rec-53589-org,rec-53589-dup-0
rec-50003-org,rec-50003-dup-0
rec-61058-org,rec-61058-dup-0
rec-21994-org,rec-21994-dup-0
rec-27246-org,rec-27246-dup-0
rec-53935-org,rec-53935-dup-0
rec-70766-org,rec-70766-dup-0
rec-2170-org,rec-2170-dup-0
rec-19557-org,rec-19557-dup-0
rec-84672-org,rec-84672-dup-0
rec-31524-org,rec-31524-dup-0
rec-22195-org,rec-22195-dup-0
rec-83320-org,rec-83320-dup-0
rec-79885-org,rec-79885-dup-0
rec-17459-org,rec-17459-dup-0
rec-7654-org,rec-7654-dup-0
rec-73150-org,rec-73150-dup-0
rec-26704-org,rec-26704-dup-0
rec-63597-org,rec-63597-dup-0
rec-24383-org,rec-24383-dup-0
rec-1173-org,rec-1173-dup-0
rec-14464-org,rec-14464-dup-0
rec-33888-org,rec-33888-dup-0
rec-69885-org,rec-69885-dup-0
rec-87667-org,rec-87667-dup-0
rec-29747-org,rec-29747-dup-0
rec-7556-org,rec-7556-dup-0
rec-45806-org,rec-45806-dup-0
rec-34682-org,rec-34682-dup-0
rec-54278-org,rec-54278-dup-0
rec-18189-org,rec-18189-dup-0
rec-71733-org,rec-71733-dup-0
rec-44900-org,rec-44900-dup-0
rec-6800-org,rec-6800-dup-0
rec-64351-org,rec-64351-dup-0
rec-18689-org,rec-18689-dup-0
rec-18093-org,rec-18093-dup-0
rec-84212-org,rec-84212-dup-0
rec-64084-org,rec-64084-dup-0
rec-87725-org,rec-87725-dup-0
rec-56668-org,rec-56668-dup-0
rec-75116-org,rec-75116-dup-0
rec-51415-org,rec-51415-dup-0
rec-86737-org,rec-86737-dup-0
rec-37848-org,rec-37848-dup-0
rec-19043-org,rec-19043-dup-0
rec-29639-org,rec-29639-dup-0
rec-12027-org,rec-12027-dup-0
rec-62671-org,rec-62671-dup-0
rec-7312-org,rec-7312-dup-0
rec-14164-org,rec-14164-dup-0
rec-17013-org,rec-17013-dup-0
rec-30150-org,rec-30150-dup-0
rec-77332-org,rec-77332-dup-0
rec-32295-org,rec-32295-dup-0
rec-4281-org,rec-4281-dup-0
rec-38754-org,rec-38754-dup-0
rec-45312-org,rec-45312-dup-0
rec-3612-org,rec-3612-dup-0
rec-57137-org,rec-57137-dup-0
rec-2431-org,rec-2431-dup-0
rec-22822-org,rec-22822-dup-0
rec-13422-org,rec-13422-dup-0
rec-85817-org,rec-85817-dup-0
rec-28854-org,rec-28854-dup-0
rec-3527-org,rec-3527-dup-0
rec-49209-org,rec-49209-dup-0
rec-71380-org,rec-71380-dup-0
rec-82218-org,rec-82218-dup-0
rec-66981-org,rec-66981-dup-0
rec-76127-org,rec-76127-dup-0
rec-23145-org,rec-23145-dup-0
rec-4703-org,rec-4703-dup-0
rec-9052-org,rec-9052-dup-0
rec-38270-org,rec-38270-dup-0
rec-49276-org,rec-49276-dup-0
rec-26493-org,rec-26493-dup-0
rec-62262-org,rec-62262-dup-0
rec-16948-org,rec-16948-dup-0
rec-40096-org,rec-40096-dup-0
rec-84053-org,rec-84053-dup-0
rec-84726-org,rec-84726-dup-0
rec-51931-org,rec-51931-dup-0
rec-67970-org,rec-67970-dup-0
rec-65548-org,rec-65548-dup-0
rec-3337-org,rec-3337-dup-0
rec-83253-org,rec-83253-dup-0
rec-41648-org,rec-41648-dup-0
rec-89302-org,rec-89302-dup-0
rec-87948-org,rec-87948-dup-0
rec-53400-org,rec-53400-dup-0
rec-14429-org,rec-14429-dup-0
rec-33541-org,rec-33541-dup-0
rec-23123-org,rec-23123-dup-0
rec-86978-org,rec-86978-dup-0
rec-16058-org,rec-16058-dup-0
rec-68447-org,rec-68447-dup-0
rec-77879-org,rec-77879-dup-0
rec-64072-org,rec-64072-dup-0
rec-73591-org,rec-73591-dup-0
rec-25609-org,rec-25609-dup-0
rec-44860-org,rec-44860-dup-0
rec-13219-org,rec-13219-dup-0
rec-8226-org,rec-8226-dup-0
rec-87693-org,rec-87693-dup-0
rec-15003-org,rec-15003-dup-0
rec-70857-org,rec-70857-dup-0
rec-5003-org,rec-5003-dup-0
rec-8852-org,rec-8852-dup-0
rec-57253-org,rec-57253-dup-0
rec-73165-org,rec-73165-dup-0
rec-4938-org,rec-4938-dup-0
rec-68006-org,rec-68006-dup-0
rec-21002-org,rec-21002-dup-0
rec-84198-org,rec-84198-dup-0
rec-1062-org,rec-1062-dup-0
rec-45362-org,rec-45362-dup-0
rec-61377-org,rec-61377-dup-0
rec-42947-org,rec-42947-dup-0
rec-26248-org,rec-26248-dup-0
rec-70323-org,rec-70323-dup-0
rec-56654-org,rec-56654-dup-0
rec-79815-org,rec-79815-dup-0
rec-68941-org,rec-68941-dup-0
rec-55207-org,rec-55207-dup-0
rec-19425-org,rec-19425-dup-0
rec-39616-org,rec-39616-dup-0
rec-76757-org,rec-76757-dup-0
rec-44749-org,rec-44749-dup-0
rec-52547-org,rec-52547-dup-0
rec-61952-org,rec-61952-dup-0
rec-4152-org,rec-4152-dup-0
rec-36902-org,rec-36902-dup-0
rec-12891-org,rec-12891-dup-0
rec-729-org,rec-729-dup-0
rec-48890-org,rec-48890-dup-0
rec-13774-org,rec-13774-dup-0
rec-59912-org,rec-59912-dup-0
rec-31561-org,rec-31561-dup-0
rec-48982-org,rec-48982-dup-0
rec-61489-org,rec-61489-dup-0
rec-43016-org,rec-43016-dup-0
rec-22256-org,rec-22256-dup-0
rec-75151-org,rec-75151-dup-0
rec-44104-org,rec-44104-dup-0
rec-59257-org,rec-59257-dup-0
rec-73488-org,rec-73488-dup-0
rec-16630-org,rec-16630-dup-0
rec-56776-org,rec-56776-dup-0
rec-39379-org,rec-39379-dup-0
rec-8530-org,rec-8530-dup-0
rec-56731-org,rec-56731-dup-0
rec-34218-org,rec-34218-dup-0
rec-79767-org,rec-79767-dup-0
rec-86063-org,rec-86063-dup-0
rec-32153-org,rec-32153-dup-0
rec-11054-org,rec-11054-dup-0
rec-27480-org,rec-27480-dup-0
rec-1886-org,rec-1886-dup-0
rec-76988-org,rec-76988-dup-0
rec-49887-org,rec-49887-dup-0
rec-58924-org,rec-58924-dup-0
rec-89335-org,rec-89335-dup-0
rec-76729-org,rec-76729-dup-0
rec-12866-org,rec-12866-dup-0
rec-50868-org,rec-50868-dup-0
rec-36734-org,rec-36734-dup-0
rec-28905-org,rec-28905-dup-0
rec-59769-org,rec-59769-dup-0
rec-81982-org,rec-81982-dup-0
rec-53531-org,rec-53531-dup-0
rec-25171-org,rec-25171-dup-0
rec-72515-org,rec-72515-dup-0
rec-25023-org,rec-25023-dup-0
rec-56126-org,rec-56126-dup-0
rec-45604-org,rec-45604-dup-0
rec-81121-org,rec-81121-dup-0
rec-3124-org,rec-3124-dup-0
rec-42276-org,rec-42276-dup-0
rec-49828-org,rec-49828-dup-0
rec-58152-org,rec-58152-dup-0
rec-16187-org,rec-16187-dup-0
rec-23670-org,rec-23670-dup-0
rec-69671-org,rec-69671-dup-0
rec-40927-org,rec-40927-dup-0
rec-67558-org,rec-67558-dup-0
rec-79749-org,rec-79749-dup-0
rec-26322-org,rec-26322-dup-0
rec-60420-org,rec-60420-dup-0
rec-75169-org,rec-75169-dup-0
rec-19851-org,rec-19851-dup-0
rec-76940-org,rec-76940-dup-0
rec-51348-org,rec-51348-dup-0
rec-34997-org,rec-34997-dup-0
rec-77776-org,rec-77776-dup-0
rec-77801-org,rec-77801-dup-0
rec-60700-org,rec-60700-dup-0
rec-66241-org,rec-66241-dup-0
rec-16786-org,rec-16786-dup-0
rec-83959-org,rec-83959-dup-0
rec-42646-org,rec-42646-dup-0
rec-65941-org,rec-65941-dup-0
rec-69024-org,rec-69024-dup-0
rec-67507-org,rec-67507-dup-0
rec-59188-org,rec-59188-dup-0
rec-59995-org,rec-59995-dup-0
rec-58099-org,rec-58099-dup-0
rec-56893-org,rec-56893-dup-0
rec-29210-org,rec-29210-dup-0
rec-25577-org,rec-25577-dup-0
rec-38328-org,rec-38328-dup-0
rec-471-org,rec-471-dup-0
rec-2823-org,rec-2823-dup-0
rec-60955-org,rec-60955-dup-0
rec-32121-org,rec-32121-dup-0
rec-86463-org,rec-86463-dup-0
rec-44623-org,rec-44623-dup-0
rec-53777-org,rec-53777-dup-0
rec-11526-org,rec-11526-dup-0
rec-49584-org,rec-49584-dup-0
rec-47119-org,rec-47119-dup-0
rec-39271-org,rec-39271-dup-0
rec-53728-org,rec-53728-dup-0
rec-38582-org,rec-38582-dup-0
rec-2469-org,rec-2469-dup-0
rec-61796-org,rec-61796-dup-0
rec-72689-org,rec-72689-dup-0
rec-21463-org,rec-21463-dup-0
rec-36730-org,rec-36730-dup-0
rec-85342-org,rec-85342-dup-0
rec-8464-org,rec-8464-dup-0
rec-15014-org,rec-15014-dup-0
rec-9040-org,rec-9040-dup-0
rec-57572-org,rec-57572-dup-0
rec-19132-org,rec-19132-dup-0
rec-21956-org,rec-21956-dup-0
rec-4264-org,rec-4264-dup-0
rec-42081-org,rec-42081-dup-0
rec-62195-org,rec-62195-dup-0
rec-70946-org,rec-70946-dup-0
rec-53143-org,rec-53143-dup-0
rec-89787-org,rec-89787-dup-0
rec-11991-org,rec-11991-dup-0
rec-64174-org,rec-64174-dup-0
rec-4533-org,rec-4533-dup-0
rec-48608-org,rec-48608-dup-0
rec-17563-org,rec-17563-dup-0
rec-56655-org,rec-56655-dup-0
rec-48468-org,rec-48468-dup-0
rec-759-org,rec-759-dup-0
rec-46809-org,rec-46809-dup-0
rec-51671-org,rec-51671-dup-0
rec-75031-org,rec-75031-dup-0
rec-17165-org,rec-17165-dup-0
rec-20572-org,rec-20572-dup-0
rec-23215-org,rec-23215-dup-0
rec-55091-org,rec-55091-dup-0
rec-86126-org,rec-86126-dup-0
rec-14896-org,rec-14896-dup-0
rec-11809-org,rec-11809-dup-0
rec-35893-org,rec-35893-dup-0
rec-27215-org,rec-27215-dup-0
rec-60228-org,rec-60228-dup-0
rec-39527-org,rec-39527-dup-0
rec-63817-org,rec-63817-dup-0
rec-36340-org,rec-36340-dup-0
rec-85043-org,rec-85043-dup-0
rec-1877-org,rec-1877-dup-0
rec-42751-org,rec-42751-dup-0
rec-41241-org,rec-41241-dup-0
rec-18742-org,rec-18742-dup-0
rec-57784-org,rec-57784-dup-0
rec-19288-org,rec-19288-dup-0
rec-18221-org,rec-18221-dup-0
rec-23324-org,rec-23324-dup-0
rec-22376-org,rec-22376-dup-0
rec-72396-org,rec-72396-dup-0
rec-45486-org,rec-45486-dup-0
rec-18043-org,rec-18043-dup-0
rec-34291-org,rec-34291-dup-0
rec-76299-org,rec-76299-dup-0
rec-37180-org,rec-37180-dup-0
rec-55347-org,rec-55347-dup-0
rec-31782-org,rec-31782-dup-0
rec-24626-org,rec-24626-dup-0
rec-37565-org,rec-37565-dup-0
rec-68493-org,rec-68493-dup-0
rec-38893-org,rec-38893-dup-0
rec-35071-org,rec-35071-dup-0
rec-55501-org,rec-55501-dup-0
rec-59508-org,rec-59508-dup-0
rec-36491-org,rec-36491-dup-0
rec-35563-org,rec-35563-dup-0
rec-48132-org,rec-48132-dup-0
rec-22973-org,rec-22973-dup-0
rec-43988-org,rec-43988-dup-0
rec-22119-org,rec-22119-dup-0
rec-66634-org,rec-66634-dup-0
rec-39205-org,rec-39205-dup-0
rec-1246-org,rec-1246-dup-0
rec-6186-org,rec-6186-dup-0
rec-39381-org,rec-39381-dup-0
rec-42924-org,rec-42924-dup-0
rec-47800-org,rec-47800-dup-0
rec-7148-org,rec-7148-dup-0
rec-74986-org,rec-74986-dup-0
rec-58597-org,rec-58597-dup-0
rec-30646-org,rec-30646-dup-0
rec-19029-org,rec-19029-dup-0
rec-16387-org,rec-16387-dup-0
rec-67191-org,rec-67191-dup-0
rec-7070-org,rec-7070-dup-0
rec-82488-org,rec-82488-dup-0
rec-8664-org,rec-8664-dup-0
rec-34250-org,rec-34250-dup-0
rec-76913-org,rec-76913-dup-0
rec-9933-org,rec-9933-dup-0
rec-7128-org,rec-7128-dup-0
rec-2355-org,rec-2355-dup-0
rec-39680-org,rec-39680-dup-0
rec-7233-org,rec-7233-dup-0
rec-25827-org,rec-25827-dup-0
rec-49502-org,rec-49502-dup-0
rec-80936-org,rec-80936-dup-0
rec-47479-org,rec-47479-dup-0
rec-33473-org,rec-33473-dup-0
rec-76194-org,rec-76194-dup-0
rec-59823-org,rec-59823-dup-0
rec-59486-org,rec-59486-dup-0
rec-89120-org,rec-89120-dup-0
rec-71793-org,rec-71793-dup-0
rec-49576-org,rec-49576-dup-0
rec-53734-org,rec-53734-dup-0
rec-63347-org,rec-63347-dup-0
rec-12676-org,rec-12676-dup-0
rec-85898-org,rec-85898-dup-0
rec-13984-org,rec-13984-dup-0
rec-7863-org,rec-7863-dup-0
rec-67031-org,rec-67031-dup-0
rec-14727-org,rec-14727-dup-0
rec-51198-org,rec-51198-dup-0
rec-50741-org,rec-50741-dup-0
rec-46084-org,rec-46084-dup-0
rec-89879-org,rec-89879-dup-0
rec-69995-org,rec-69995-dup-0
rec-1549-org,rec-1549-dup-0
rec-63257-org,rec-63257-dup-0
rec-87964-org,rec-87964-dup-0
rec-19670-org,rec-19670-dup-0
rec-11974-org,rec-11974-dup-0
rec-89993-org,rec-89993-dup-0
rec-77495-org,rec-77495-dup-0
rec-68444-org,rec-68444-dup-0
rec-10395-org,rec-10395-dup-0
rec-40451-org,rec-40451-dup-0
rec-79497-org,rec-79497-dup-0
rec-48707-org,rec-48707-dup-0
rec-67793-org,rec-67793-dup-0
rec-44838-org,rec-44838-dup-0
rec-44855-org,rec-44855-dup-0
rec-53834-org,rec-53834-dup-0
rec-38228-org,rec-38228-dup-0
rec-43-org,rec-43-dup-0
rec-60137-org,rec-60137-dup-0
rec-26789-org,rec-26789-dup-0
rec-40346-org,rec-40346-dup-0
rec-4784-org,rec-4784-dup-0
rec-47339-org,rec-47339-dup-0
rec-69776-org,rec-69776-dup-0
rec-16388-org,rec-16388-dup-0
rec-39630-org,rec-39630-dup-0
rec-3094-org,rec-3094-dup-0
rec-50424-org,rec-50424-dup-0
rec-65648-org,rec-65648-dup-0
rec-24723-org,rec-24723-dup-0
rec-60831-org,rec-60831-dup-0
rec-63019-org,rec-63019-dup-0
rec-31419-org,rec-31419-dup-0
rec-1897-org,rec-1897-dup-0
rec-47397-org,rec-47397-dup-0
rec-60091-org,rec-60091-dup-0
rec-54802-org,rec-54802-dup-0
rec-30464-org,rec-30464-dup-0
rec-51048-org,rec-51048-dup-0
rec-64830-org,rec-64830-dup-0
rec-65630-org,rec-65630-dup-0
rec-24808-org,rec-24808-dup-0
rec-25938-org,rec-25938-dup-0
rec-53019-org,rec-53019-dup-0
rec-48712-org,rec-48712-dup-0
rec-45128-org,rec-45128-dup-0
rec-60647-org,rec-60647-dup-0
rec-88770-org,rec-88770-dup-0
rec-2417-org,rec-2417-dup-0
rec-63739-org,rec-63739-dup-0
rec-89924-org,rec-89924-dup-0
rec-66538-org,rec-66538-dup-0
rec-68441-org,rec-68441-dup-0
rec-5479-org,rec-5479-dup-0
rec-2275-org,rec-2275-dup-0
rec-89667-org,rec-89667-dup-0
rec-72957-org,rec-72957-dup-0
rec-50421-org,rec-50421-dup-0
rec-51679-org,rec-51679-dup-0
rec-44385-org,rec-44385-dup-0
rec-16204-org,rec-16204-dup-0
rec-22919-org,rec-22919-dup-0
rec-31085-org,rec-31085-dup-0
rec-83477-org,rec-83477-dup-0
rec-63644-org,rec-63644-dup-0
rec-77027-org,rec-77027-dup-0
rec-13413-org,rec-13413-dup-0
rec-39592-org,rec-39592-dup-0
rec-64539-org,rec-64539-dup-0
rec-7206-org,rec-7206-dup-0
rec-6560-org,rec-6560-dup-0
rec-87552-org,rec-87552-dup-0
rec-69419-org,rec-69419-dup-0
rec-19907-org,rec-19907-dup-0
rec-79785-org,rec-79785-dup-0
rec-13311-org,rec-13311-dup-0
rec-52724-org,rec-52724-dup-0
rec-77205-org,rec-77205-dup-0
rec-60185-org,rec-60185-dup-0
rec-14798-org,rec-14798-dup-0
rec-89184-org,rec-89184-dup-0
rec-75063-org,rec-75063-dup-0
rec-64884-org,rec-64884-dup-0
rec-60495-org,rec-60495-dup-0
rec-19325-org,rec-19325-dup-0
rec-75907-org,rec-75907-dup-0
rec-55368-org,rec-55368-dup-0
rec-63175-org,rec-63175-dup-0
rec-47292-org,rec-47292-dup-0
rec-85787-org,rec-85787-dup-0
rec-7522-org,rec-7522-dup-0
rec-56809-org,rec-56809-dup-0
rec-81959-org,rec-81959-dup-0
rec-39761-org,rec-39761-dup-0
rec-49200-org,rec-49200-dup-0
rec-24079-org,rec-24079-dup-0
rec-27067-org,rec-27067-dup-0
rec-88681-org,rec-88681-dup-0
rec-48407-org,rec-48407-dup-0
rec-1376-org,rec-1376-dup-0
rec-41635-org,rec-41635-dup-0
rec-16699-org,rec-16699-dup-0
rec-8559-org,rec-8559-dup-0
rec-85261-org,rec-85261-dup-0
rec-5337-org,rec-5337-dup-0
rec-46944-org,rec-46944-dup-0
rec-36519-org,rec-36519-dup-0
rec-50979-org,rec-50979-dup-0
rec-38065-org,rec-38065-dup-0
rec-88615-org,rec-88615-dup-0
rec-53202-org,rec-53202-dup-0
rec-59280-org,rec-59280-dup-0
rec-65208-org,rec-65208-dup-0
rec-85105-org,rec-85105-dup-0
rec-14783-org,rec-14783-dup-0
rec-55204-org,rec-55204-dup-0
rec-84067-org,rec-84067-dup-0
rec-12077-org,rec-12077-dup-0
rec-61746-org,rec-61746-dup-0
rec-9212-org,rec-9212-dup-0
rec-57204-org,rec-57204-dup-0
rec-80397-org,rec-80397-dup-0
rec-10201-org,rec-10201-dup-0
rec-79089-org,rec-79089-dup-0
rec-12558-org,rec-12558-dup-0
rec-71242-org,rec-71242-dup-0
rec-43912-org,rec-43912-dup-0
rec-12673-org,rec-12673-dup-0
rec-32051-org,rec-32051-dup-0
rec-74975-org,rec-74975-dup-0
rec-5435-org,rec-5435-dup-0
rec-71406-org,rec-71406-dup-0
rec-51815-org,rec-51815-dup-0
rec-60974-org,rec-60974-dup-0
rec-26048-org,rec-26048-dup-0
rec-78017-org,rec-78017-dup-0
rec-35466-org,rec-35466-dup-0
rec-13830-org,rec-13830-dup-0
rec-1596-org,rec-1596-dup-0
rec-41920-org,rec-41920-dup-0
rec-58651-org,rec-58651-dup-0
rec-46876-org,rec-46876-dup-0
rec-11621-org,rec-11621-dup-0
rec-26211-org,rec-26211-dup-0
rec-29432-org,rec-29432-dup-0
rec-4238-org,rec-4238-dup-0
rec-38572-org,rec-38572-dup-0
rec-9188-org,rec-9188-dup-0
rec-986-org,rec-986-dup-0
rec-16891-org,rec-16891-dup-0
rec-26791-org,rec-26791-dup-0
rec-67746-org,rec-67746-dup-0
rec-37267-org,rec-37267-dup-0
rec-51790-org,rec-51790-dup-0
rec-86880-org,rec-86880-dup-0
rec-75563-org,rec-75563-dup-0
rec-38705-org,rec-38705-dup-0
rec-17627-org,rec-17627-dup-0
rec-69414-org,rec-69414-dup-0
rec-11615-org,rec-11615-dup-0
rec-31625-org,rec-31625-dup-0
rec-6521-org,rec-6521-dup-0
rec-80332-org,rec-80332-dup-0
rec-1416-org,rec-1416-dup-0
rec-54361-org,rec-54361-dup-0
rec-15559-org,rec-15559-dup-0
rec-42893-org,rec-42893-dup-0
rec-46481-org,rec-46481-dup-0
rec-53053-org,rec-53053-dup-0
rec-74404-org,rec-74404-dup-0
rec-35459-org,rec-35459-dup-0
rec-76780-org,rec-76780-dup-0
rec-55280-org,rec-55280-dup-0
rec-67431-org,rec-67431-dup-0
rec-19903-org,rec-19903-dup-0
rec-65773-org,rec-65773-dup-0
rec-48385-org,rec-48385-dup-0
rec-77965-org,rec-77965-dup-0
rec-38824-org,rec-38824-dup-0
rec-10639-org,rec-10639-dup-0
rec-24086-org,rec-24086-dup-0
rec-76690-org,rec-76690-dup-0
rec-52672-org,rec-52672-dup-0
rec-36658-org,rec-36658-dup-0
rec-61900-org,rec-61900-dup-0
rec-72336-org,rec-72336-dup-0
rec-43760-org,rec-43760-dup-0
rec-32417-org,rec-32417-dup-0
rec-89588-org,rec-89588-dup-0
rec-53048-org,rec-53048-dup-0
rec-81026-org,rec-81026-dup-0
rec-2316-org,rec-2316-dup-0
rec-3273-org,rec-3273-dup-0
rec-47664-org,rec-47664-dup-0
rec-53242-org,rec-53242-dup-0
rec-79099-org,rec-79099-dup-0
rec-24176-org,rec-24176-dup-0
rec-5993-org,rec-5993-dup-0
rec-3212-org,rec-3212-dup-0
rec-6772-org,rec-6772-dup-0
rec-71212-org,rec-71212-dup-0
rec-36547-org,rec-36547-dup-0
rec-33056-org,rec-33056-dup-0
rec-85529-org,rec-85529-dup-0
rec-34992-org,rec-34992-dup-0
rec-6022-org,rec-6022-dup-0
rec-53324-org,rec-53324-dup-0
rec-77671-org,rec-77671-dup-0
rec-66337-org,rec-66337-dup-0
rec-81409-org,rec-81409-dup-0
rec-26218-org,rec-26218-dup-0
rec-26750-org,rec-26750-dup-0
rec-89547-org,rec-89547-dup-0
rec-41252-org,rec-41252-dup-0
rec-14723-org,rec-14723-dup-0
rec-74009-org,rec-74009-dup-0
rec-19301-org,rec-19301-dup-0
rec-15374-org,rec-15374-dup-0
rec-1225-org,rec-1225-dup-0
rec-34609-org,rec-34609-dup-0
rec-46063-org,rec-46063-dup-0
rec-23504-org,rec-23504-dup-0
rec-17810-org,rec-17810-dup-0
rec-37089-org,rec-37089-dup-0
rec-46945-org,rec-46945-dup-0
rec-35735-org,rec-35735-dup-0
rec-1909-org,rec-1909-dup-0
rec-9034-org,rec-9034-dup-0
rec-61733-org,rec-61733-dup-0
rec-39845-org,rec-39845-dup-0
rec-7799-org,rec-7799-dup-0
rec-7880-org,rec-7880-dup-0
rec-55042-org,rec-55042-dup-0
rec-83279-org,rec-83279-dup-0
rec-81815-org,rec-81815-dup-0
rec-86934-org,rec-86934-dup-0
rec-57630-org,rec-57630-dup-0
rec-47525-org,rec-47525-dup-0
rec-2912-org,rec-2912-dup-0
rec-34274-org,rec-34274-dup-0
rec-81436-org,rec-81436-dup-0
rec-81366-org,rec-81366-dup-0
rec-83345-org,rec-83345-dup-0
rec-30689-org,rec-30689-dup-0
rec-36630-org,rec-36630-dup-0
rec-35236-org,rec-35236-dup-0
rec-59749-org,rec-59749-dup-0
rec-49179-org,rec-49179-dup-0
rec-86804-org,rec-86804-dup-0
rec-137-org,rec-137-dup-0
rec-68783-org,rec-68783-dup-0
rec-81931-org,rec-81931-dup-0
rec-18477-org,rec-18477-dup-0
rec-39827-org,rec-39827-dup-0
rec-53945-org,rec-53945-dup-0
rec-51650-org,rec-51650-dup-0
rec-60337-org,rec-60337-dup-0
rec-2903-org,rec-2903-dup-0
rec-27393-org,rec-27393-dup-0
rec-70948-org,rec-70948-dup-0
rec-68562-org,rec-68562-dup-0
rec-41612-org,rec-41612-dup-0
rec-75521-org,rec-75521-dup-0
rec-12915-org,rec-12915-dup-0
rec-78854-org,rec-78854-dup-0
rec-21029-org,rec-21029-dup-0
rec-87082-org,rec-87082-dup-0
rec-80244-org,rec-80244-dup-0
rec-52639-org,rec-52639-dup-0
rec-67037-org,rec-67037-dup-0
rec-22721-org,rec-22721-dup-0
rec-75201-org,rec-75201-dup-0
rec-44070-org,rec-44070-dup-0
rec-18216-org,rec-18216-dup-0
rec-38149-org,rec-38149-dup-0
rec-39951-org,rec-39951-dup-0
rec-69900-org,rec-69900-dup-0
rec-3242-org,rec-3242-dup-0
rec-46896-org,rec-46896-dup-0
rec-74-org,rec-74-dup-0
rec-37926-org,rec-37926-dup-0
rec-16247-org,rec-16247-dup-0
rec-19515-org,rec-19515-dup-0
rec-55736-org,rec-55736-dup-0
rec-47458-org,rec-47458-dup-0
rec-10579-org,rec-10579-dup-0
rec-84149-org,rec-84149-dup-0
rec-41509-org,rec-41509-dup-0
rec-41003-org,rec-41003-dup-0
rec-33690-org,rec-33690-dup-0
rec-33882-org,rec-33882-dup-0
rec-8925-org,rec-8925-dup-0
rec-22352-org,rec-22352-dup-0
rec-68013-org,rec-68013-dup-0
rec-22082-org,rec-22082-dup-0
rec-15801-org,rec-15801-dup-0
rec-7925-org,rec-7925-dup-0
rec-80959-org,rec-80959-dup-0
rec-60516-org,rec-60516-dup-0
rec-23855-org,rec-23855-dup-0
rec-69849-org,rec-69849-dup-0
rec-52712-org,rec-52712-dup-0
rec-14839-org,rec-14839-dup-0
rec-34101-org,rec-34101-dup-0
rec-43382-org,rec-43382-dup-0
rec-610-org,rec-610-dup-0
rec-5-org,rec-5-dup-0
rec-12587-org,rec-12587-dup-0
rec-25286-org,rec-25286-dup-0
rec-5558-org,rec-5558-dup-0
rec-59326-org,rec-59326-dup-0
rec-63003-org,rec-63003-dup-0
rec-55762-org,rec-55762-dup-0
rec-72958-org,rec-72958-dup-0
rec-15468-org,rec-15468-dup-0
rec-54712-org,rec-54712-dup-0
rec-15425-org,rec-15425-dup-0
rec-40049-org,rec-40049-dup-0
rec-79582-org,rec-79582-dup-0
rec-48447-org,rec-48447-dup-0
rec-10768-org,rec-10768-dup-0
rec-55594-org,rec-55594-dup-0
rec-52853-org,rec-52853-dup-0
rec-2770-org,rec-2770-dup-0
rec-11552-org,rec-11552-dup-0
rec-71672-org,rec-71672-dup-0
rec-8285-org,rec-8285-dup-0
rec-45409-org,rec-45409-dup-0
rec-52194-org,rec-52194-dup-0
rec-13605-org,rec-13605-dup-0
rec-70295-org,rec-70295-dup-0
rec-31573-org,rec-31573-dup-0
rec-70148-org,rec-70148-dup-0
rec-87965-org,rec-87965-dup-0
rec-47518-org,rec-47518-dup-0
rec-61601-org,rec-61601-dup-0
rec-72047-org,rec-72047-dup-0
rec-80615-org,rec-80615-dup-0
rec-72602-org,rec-72602-dup-0
rec-51903-org,rec-51903-dup-0
rec-65172-org,rec-65172-dup-0
rec-2802-org,rec-2802-dup-0
rec-41922-org,rec-41922-dup-0
rec-22402-org,rec-22402-dup-0
rec-77202-org,rec-77202-dup-0
rec-15795-org,rec-15795-dup-0
rec-57003-org,rec-57003-dup-0
rec-55826-org,rec-55826-dup-0
rec-33221-org,rec-33221-dup-0
rec-41490-org,rec-41490-dup-0
rec-24335-org,rec-24335-dup-0
rec-83977-org,rec-83977-dup-0
rec-5726-org,rec-5726-dup-0
rec-62021-org,rec-62021-dup-0
rec-68644-org,rec-68644-dup-0
rec-88317-org,rec-88317-dup-0
rec-10712-org,rec-10712-dup-0
rec-86238-org,rec-86238-dup-0
rec-89449-org,rec-89449-dup-0
rec-51768-org,rec-51768-dup-0
rec-72703-org,rec-72703-dup-0
rec-71550-org,rec-71550-dup-0
rec-58666-org,rec-58666-dup-0
rec-26284-org,rec-26284-dup-0
rec-75127-org,rec-75127-dup-0
rec-4572-org,rec-4572-dup-0
rec-43911-org,rec-43911-dup-0
rec-64106-org,rec-64106-dup-0
rec-38600-org,rec-38600-dup-0
rec-61857-org,rec-61857-dup-0
rec-7600-org,rec-7600-dup-0
rec-24460-org,rec-24460-dup-0
rec-40534-org,rec-40534-dup-0
rec-41432-org,rec-41432-dup-0
rec-82280-org,rec-82280-dup-0
rec-77153-org,rec-77153-dup-0
rec-404-org,rec-404-dup-0
rec-23864-org,rec-23864-dup-0
rec-31480-org,rec-31480-dup-0
rec-23129-org,rec-23129-dup-0
rec-61073-org,rec-61073-dup-0
rec-50460-org,rec-50460-dup-0
rec-64432-org,rec-64432-dup-0
rec-26232-org,rec-26232-dup-0
rec-56800-org,rec-56800-dup-0
rec-29312-org,rec-29312-dup-0
rec-39385-org,rec-39385-dup-0
rec-48292-org,rec-48292-dup-0
rec-76370-org,rec-76370-dup-0
rec-78861-org,rec-78861-dup-0
rec-3250-org,rec-3250-dup-0
rec-27243-org,rec-27243-dup-0
rec-25022-org,rec-25022-dup-0
rec-57422-org,rec-57422-dup-0
rec-22680-org,rec-22680-dup-0
rec-25750-org,rec-25750-dup-0
rec-10500-org,rec-10500-dup-0
rec-19087-org,rec-19087-dup-0
rec-20170-org,rec-20170-dup-0
rec-74838-org,rec-74838-dup-0
rec-88856-org,rec-88856-dup-0
rec-8411-org,rec-8411-dup-0
rec-62239-org,rec-62239-dup-0
rec-1768-org,rec-1768-dup-0
rec-83175-org,rec-83175-dup-0
rec-57162-org,rec-57162-dup-0
rec-74873-org,rec-74873-dup-0
rec-72872-org,rec-72872-dup-0
rec-66636-org,rec-66636-dup-0
rec-59603-org,rec-59603-dup-0
rec-20625-org,rec-20625-dup-0
rec-28703-org,rec-28703-dup-0
rec-88806-org,rec-88806-dup-0
rec-47626-org,rec-47626-dup-0
rec-65314-org,rec-65314-dup-0
rec-83132-org,rec-83132-dup-0
rec-76244-org,rec-76244-dup-0
rec-9387-org,rec-9387-dup-0
rec-9678-org,rec-9678-dup-0
rec-23939-org,rec-23939-dup-0
rec-83722-org,rec-83722-dup-0
rec-79327-org,rec-79327-dup-0
rec-44693-org,rec-44693-dup-0
rec-6124-org,rec-6124-dup-0
rec-13437-org,rec-13437-dup-0
rec-9145-org,rec-9145-dup-0
rec-56808-org,rec-56808-dup-0
rec-51341-org,rec-51341-dup-0
rec-23993-org,rec-23993-dup-0
rec-2947-org,rec-2947-dup-0
rec-73073-org,rec-73073-dup-0
rec-70528-org,rec-70528-dup-0
rec-31792-org,rec-31792-dup-0
rec-20563-org,rec-20563-dup-0
rec-57146-org,rec-57146-dup-0
rec-29276-org,rec-29276-dup-0
rec-67724-org,rec-67724-dup-0
rec-78636-org,rec-78636-dup-0
rec-69929-org,rec-69929-dup-0
rec-29687-org,rec-29687-dup-0
rec-62231-org,rec-62231-dup-0
rec-73877-org,rec-73877-dup-0
rec-59264-org,rec-59264-dup-0
rec-36148-org,rec-36148-dup-0
rec-27492-org,rec-27492-dup-0
rec-10582-org,rec-10582-dup-0
rec-26184-org,rec-26184-dup-0
rec-65020-org,rec-65020-dup-0
rec-22596-org,rec-22596-dup-0
rec-56430-org,rec-56430-dup-0
rec-2900-org,rec-2900-dup-0
rec-24117-org,rec-24117-dup-0
rec-82307-org,rec-82307-dup-0
rec-86124-org,rec-86124-dup-0
rec-23497-org,rec-23497-dup-0
rec-57027-org,rec-57027-dup-0
rec-69129-org,rec-69129-dup-0
rec-16687-org,rec-16687-dup-0
rec-27952-org,rec-27952-dup-0
rec-40659-org,rec-40659-dup-0
rec-50015-org,rec-50015-dup-0
rec-39785-org,rec-39785-dup-0
rec-42050-org,rec-42050-dup-0
rec-43315-org,rec-43315-dup-0
rec-18921-org,rec-18921-dup-0
rec-34717-org,rec-34717-dup-0
rec-42155-org,rec-42155-dup-0
rec-46030-org,rec-46030-dup-0
rec-4818-org,rec-4818-dup-0
rec-6724-org,rec-6724-dup-0
rec-86172-org,rec-86172-dup-0
rec-16030-org,rec-16030-dup-0
rec-23187-org,rec-23187-dup-0
rec-15759-org,rec-15759-dup-0
rec-23913-org,rec-23913-dup-0
rec-42585-org,rec-42585-dup-0
rec-29367-org,rec-29367-dup-0
rec-26389-org,rec-26389-dup-0
rec-1917-org,rec-1917-dup-0
rec-25765-org,rec-25765-dup-0
rec-49963-org,rec-49963-dup-0
rec-17416-org,rec-17416-dup-0
rec-60960-org,rec-60960-dup-0
rec-72159-org,rec-72159-dup-0
rec-27411-org,rec-27411-dup-0
rec-9201-org,rec-9201-dup-0
rec-42362-org,rec-42362-dup-0
rec-14166-org,rec-14166-dup-0
rec-76590-org,rec-76590-dup-0
rec-3925-org,rec-3925-dup-0
rec-62187-org,rec-62187-dup-0
rec-66806-org,rec-66806-dup-0
rec-72375-org,rec-72375-dup-0
rec-17202-org,rec-17202-dup-0
rec-28468-org,rec-28468-dup-0
rec-53800-org,rec-53800-dup-0
rec-83727-org,rec-83727-dup-0
rec-19259-org,rec-19259-dup-0
rec-39279-org,rec-39279-dup-0
rec-39664-org,rec-39664-dup-0
rec-61141-org,rec-61141-dup-0
rec-21515-org,rec-21515-dup-0
rec-83287-org,rec-83287-dup-0
rec-9802-org,rec-9802-dup-0
rec-64016-org,rec-64016-dup-0
rec-13368-org,rec-13368-dup-0
rec-80569-org,rec-80569-dup-0
rec-47022-org,rec-47022-dup-0
rec-25569-org,rec-25569-dup-0
rec-17928-org,rec-17928-dup-0
rec-20064-org,rec-20064-dup-0
rec-16887-org,rec-16887-dup-0
rec-43946-org,rec-43946-dup-0
rec-15164-org,rec-15164-dup-0
rec-71989-org,rec-71989-dup-0
rec-46277-org,rec-46277-dup-0
rec-28789-org,rec-28789-dup-0
rec-37687-org,rec-37687-dup-0
rec-9567-org,rec-9567-dup-0
rec-30268-org,rec-30268-dup-0
rec-57238-org,rec-57238-dup-0
rec-34158-org,rec-34158-dup-0
rec-52963-org,rec-52963-dup-0
rec-38375-org,rec-38375-dup-0
rec-44696-org,rec-44696-dup-0
rec-42718-org,rec-42718-dup-0
rec-8712-org,rec-8712-dup-0
rec-59048-org,rec-59048-dup-0
rec-68101-org,rec-68101-dup-0
rec-35814-org,rec-35814-dup-0
rec-7186-org,rec-7186-dup-0
rec-73390-org,rec-73390-dup-0
rec-11406-org,rec-11406-dup-0
rec-77903-org,rec-77903-dup-0
rec-85511-org,rec-85511-dup-0
rec-29555-org,rec-29555-dup-0
rec-46228-org,rec-46228-dup-0
rec-77775-org,rec-77775-dup-0
rec-30233-org,rec-30233-dup-0
rec-63386-org,rec-63386-dup-0
rec-62141-org,rec-62141-dup-0
rec-36963-org,rec-36963-dup-0
rec-37800-org,rec-37800-dup-0
rec-2306-org,rec-2306-dup-0
rec-4738-org,rec-4738-dup-0
rec-42756-org,rec-42756-dup-0
rec-31004-org,rec-31004-dup-0
rec-35165-org,rec-35165-dup-0
rec-58322-org,rec-58322-dup-0
rec-6787-org,rec-6787-dup-0
rec-60410-org,rec-60410-dup-0
rec-17835-org,rec-17835-dup-0
rec-50823-org,rec-50823-dup-0
rec-66427-org,rec-66427-dup-0
rec-23379-org,rec-23379-dup-0
rec-33617-org,rec-33617-dup-0
rec-1313-org,rec-1313-dup-0
rec-44869-org,rec-44869-dup-0
rec-47454-org,rec-47454-dup-0
rec-9612-org,rec-9612-dup-0
rec-30037-org,rec-30037-dup-0
rec-8049-org,rec-8049-dup-0
rec-19766-org,rec-19766-dup-0
rec-74485-org,rec-74485-dup-0
rec-83244-org,rec-83244-dup-0
rec-25911-org,rec-25911-dup-0
rec-84302-org,rec-84302-dup-0
rec-69006-org,rec-69006-dup-0
rec-86715-org,rec-86715-dup-0
rec-82476-org,rec-82476-dup-0
rec-46249-org,rec-46249-dup-0
rec-67129-org,rec-67129-dup-0
rec-58054-org,rec-58054-dup-0
rec-17333-org,rec-17333-dup-0
rec-52426-org,rec-52426-dup-0
rec-28519-org,rec-28519-dup-0
rec-26447-org,rec-26447-dup-0
rec-74621-org,rec-74621-dup-0
rec-16273-org,rec-16273-dup-0
rec-37114-org,rec-37114-dup-0
rec-19303-org,rec-19303-dup-0
rec-42743-org,rec-42743-dup-0
rec-76078-org,rec-76078-dup-0
rec-29321-org,rec-29321-dup-0
rec-61744-org,rec-61744-dup-0
rec-17581-org,rec-17581-dup-0
rec-75823-org,rec-75823-dup-0
rec-26546-org,rec-26546-dup-0
rec-24309-org,rec-24309-dup-0
rec-3536-org,rec-3536-dup-0
rec-77530-org,rec-77530-dup-0
rec-45632-org,rec-45632-dup-0
rec-60591-org,rec-60591-dup-0
rec-56828-org,rec-56828-dup-0
rec-85212-org,rec-85212-dup-0
rec-34610-org,rec-34610-dup-0
rec-56986-org,rec-56986-dup-0
rec-63467-org,rec-63467-dup-0
rec-62278-org,rec-62278-dup-0
rec-10353-org,rec-10353-dup-0
rec-45722-org,rec-45722-dup-0
rec-58486-org,rec-58486-dup-0
rec-62413-org,rec-62413-dup-0
rec-7374-org,rec-7374-dup-0
rec-14836-org,rec-14836-dup-0
rec-12332-org,rec-12332-dup-0
rec-5605-org,rec-5605-dup-0
rec-86478-org,rec-86478-dup-0
rec-75372-org,rec-75372-dup-0
rec-52383-org,rec-52383-dup-0
rec-75834-org,rec-75834-dup-0
rec-73053-org,rec-73053-dup-0
rec-18021-org,rec-18021-dup-0
rec-54174-org,rec-54174-dup-0
rec-71686-org,rec-71686-dup-0
rec-3132-org,rec-3132-dup-0
rec-60632-org,rec-60632-dup-0
rec-69574-org,rec-69574-dup-0
rec-73183-org,rec-73183-dup-0
rec-70466-org,rec-70466-dup-0
rec-81429-org,rec-81429-dup-0
rec-55113-org,rec-55113-dup-0
rec-65817-org,rec-65817-dup-0
rec-70548-org,rec-70548-dup-0
rec-74928-org,rec-74928-dup-0
rec-28212-org,rec-28212-dup-0
rec-88870-org,rec-88870-dup-0
rec-40076-org,rec-40076-dup-0
rec-62604-org,rec-62604-dup-0
rec-46134-org,rec-46134-dup-0
rec-5437-org,rec-5437-dup-0
rec-30119-org,rec-30119-dup-0
rec-57898-org,rec-57898-dup-0
rec-56946-org,rec-56946-dup-0
rec-14541-org,rec-14541-dup-0
rec-69907-org,rec-69907-dup-0
rec-16107-org,rec-16107-dup-0
rec-14092-org,rec-14092-dup-0
rec-75447-org,rec-75447-dup-0
rec-13143-org,rec-13143-dup-0
rec-79310-org,rec-79310-dup-0
rec-60912-org,rec-60912-dup-0
rec-45020-org,rec-45020-dup-0
rec-28252-org,rec-28252-dup-0
rec-71084-org,rec-71084-dup-0
rec-1941-org,rec-1941-dup-0
rec-446-org,rec-446-dup-0
rec-80931-org,rec-80931-dup-0
rec-50309-org,rec-50309-dup-0
rec-15895-org,rec-15895-dup-0
rec-9431-org,rec-9431-dup-0
rec-7412-org,rec-7412-dup-0
rec-20497-org,rec-20497-dup-0
rec-72947-org,rec-72947-dup-0
rec-70740-org,rec-70740-dup-0
rec-23577-org,rec-23577-dup-0
rec-40447-org,rec-40447-dup-0
rec-88258-org,rec-88258-dup-0
rec-52164-org,rec-52164-dup-0
rec-48986-org,rec-48986-dup-0
rec-10964-org,rec-10964-dup-0
rec-29233-org,rec-29233-dup-0
rec-7571-org,rec-7571-dup-0
rec-34173-org,rec-34173-dup-0
rec-41774-org,rec-41774-dup-0
rec-25060-org,rec-25060-dup-0
rec-71287-org,rec-71287-dup-0
rec-3222-org,rec-3222-dup-0
rec-42035-org,rec-42035-dup-0
rec-49550-org,rec-49550-dup-0
rec-28348-org,rec-28348-dup-0
rec-22991-org,rec-22991-dup-0
rec-9355-org,rec-9355-dup-0
rec-59626-org,rec-59626-dup-0
rec-71756-org,rec-71756-dup-0
rec-21661-org,rec-21661-dup-0
rec-65380-org,rec-65380-dup-0
rec-41387-org,rec-41387-dup-0
rec-46224-org,rec-46224-dup-0
rec-53075-org,rec-53075-dup-0
rec-75966-org,rec-75966-dup-0
rec-37576-org,rec-37576-dup-0
rec-69383-org,rec-69383-dup-0
rec-73503-org,rec-73503-dup-0
rec-64922-org,rec-64922-dup-0
rec-33967-org,rec-33967-dup-0
rec-87331-org,rec-87331-dup-0
rec-30605-org,rec-30605-dup-0
rec-20451-org,rec-20451-dup-0
rec-58177-org,rec-58177-dup-0
rec-10558-org,rec-10558-dup-0
rec-74715-org,rec-74715-dup-0
rec-34207-org,rec-34207-dup-0
rec-9679-org,rec-9679-dup-0
rec-19055-org,rec-19055-dup-0
rec-65277-org,rec-65277-dup-0
rec-25937-org,rec-25937-dup-0
rec-3601-org,rec-3601-dup-0
rec-78076-org,rec-78076-dup-0
rec-35533-org,rec-35533-dup-0
rec-76833-org,rec-76833-dup-0
rec-50659-org,rec-50659-dup-0
rec-37134-org,rec-37134-dup-0
rec-27288-org,rec-27288-dup-0
rec-33447-org,rec-33447-dup-0
rec-27160-org,rec-27160-dup-0
rec-44565-org,rec-44565-dup-0
rec-60027-org,rec-60027-dup-0
rec-7644-org,rec-7644-dup-0
rec-78886-org,rec-78886-dup-0
rec-68385-org,rec-68385-dup-0
rec-41335-org,rec-41335-dup-0
rec-23427-org,rec-23427-dup-0
rec-14764-org,rec-14764-dup-0
rec-78239-org,rec-78239-dup-0
rec-12057-org,rec-12057-dup-0
rec-71100-org,rec-71100-dup-0
rec-29525-org,rec-29525-dup-0
rec-36280-org,rec-36280-dup-0
rec-29558-org,rec-29558-dup-0
rec-76187-org,rec-76187-dup-0
rec-14729-org,rec-14729-dup-0
rec-69793-org,rec-69793-dup-0
rec-6391-org,rec-6391-dup-0
rec-84815-org,rec-84815-dup-0
rec-12032-org,rec-12032-dup-0
rec-1206-org,rec-1206-dup-0
rec-25361-org,rec-25361-dup-0
rec-64032-org,rec-64032-dup-0
rec-10363-org,rec-10363-dup-0
rec-68858-org,rec-68858-dup-0
rec-77074-org,rec-77074-dup-0
rec-23555-org,rec-23555-dup-0
rec-35058-org,rec-35058-dup-0
rec-56421-org,rec-56421-dup-0
rec-72063-org,rec-72063-dup-0
rec-42378-org,rec-42378-dup-0
rec-3492-org,rec-3492-dup-0
rec-59788-org,rec-59788-dup-0
rec-33011-org,rec-33011-dup-0
rec-57218-org,rec-57218-dup-0
rec-19158-org,rec-19158-dup-0
rec-79234-org,rec-79234-dup-0
rec-17509-org,rec-17509-dup-0
rec-70347-org,rec-70347-dup-0
rec-53437-org,rec-53437-dup-0
rec-8413-org,rec-8413-dup-0
rec-65629-org,rec-65629-dup-0
rec-13428-org,rec-13428-dup-0
rec-85412-org,rec-85412-dup-0
rec-53184-org,rec-53184-dup-0
rec-1420-org,rec-1420-dup-0
rec-37612-org,rec-37612-dup-0
rec-62784-org,rec-62784-dup-0
rec-64076-org,rec-64076-dup-0
rec-54567-org,rec-54567-dup-0
rec-40652-org,rec-40652-dup-0
rec-5112-org,rec-5112-dup-0
rec-73949-org,rec-73949-dup-0
rec-60253-org,rec-60253-dup-0
rec-41090-org,rec-41090-dup-0
rec-27011-org,rec-27011-dup-0
rec-19133-org,rec-19133-dup-0
rec-48626-org,rec-48626-dup-0
rec-27301-org,rec-27301-dup-0
rec-63238-org,rec-63238-dup-0
rec-64293-org,rec-64293-dup-0
rec-15054-org,rec-15054-dup-0
rec-81780-org,rec-81780-dup-0
rec-51127-org,rec-51127-dup-0
rec-17937-org,rec-17937-dup-0
rec-34944-org,rec-34944-dup-0
rec-77881-org,rec-77881-dup-0
rec-14074-org,rec-14074-dup-0
rec-41847-org,rec-41847-dup-0
rec-63801-org,rec-63801-dup-0
rec-59242-org,rec-59242-dup-0
rec-50898-org,rec-50898-dup-0
rec-78258-org,rec-78258-dup-0
rec-53684-org,rec-53684-dup-0
rec-27253-org,rec-27253-dup-0
rec-39794-org,rec-39794-dup-0
rec-36024-org,rec-36024-dup-0
rec-81999-org,rec-81999-dup-0
rec-4400-org,rec-4400-dup-0
rec-16946-org,rec-16946-dup-0
rec-167-org,rec-167-dup-0
rec-14564-org,rec-14564-dup-0
rec-83462-org,rec-83462-dup-0
rec-23903-org,rec-23903-dup-0
rec-42619-org,rec-42619-dup-0
rec-419-org,rec-419-dup-0
rec-67403-org,rec-67403-dup-0
rec-28316-org,rec-28316-dup-0
rec-34443-org,rec-34443-dup-0
rec-65712-org,rec-65712-dup-0
rec-3551-org,rec-3551-dup-0
rec-40399-org,rec-40399-dup-0
rec-67397-org,rec-67397-dup-0
rec-5870-org,rec-5870-dup-0
rec-11594-org,rec-11594-dup-0
rec-16761-org,rec-16761-dup-0
rec-70248-org,rec-70248-dup-0
rec-55647-org,rec-55647-dup-0
rec-23861-org,rec-23861-dup-0
rec-63059-org,rec-63059-dup-0
rec-31429-org,rec-31429-dup-0
rec-68805-org,rec-68805-dup-0
rec-3781-org,rec-3781-dup-0
rec-30456-org,rec-30456-dup-0
rec-62844-org,rec-62844-dup-0
rec-75697-org,rec-75697-dup-0
rec-11860-org,rec-11860-dup-0
rec-24657-org,rec-24657-dup-0
rec-39667-org,rec-39667-dup-0
rec-78458-org,rec-78458-dup-0
rec-66937-org,rec-66937-dup-0
rec-33925-org,rec-33925-dup-0
rec-57767-org,rec-57767-dup-0
rec-18230-org,rec-18230-dup-0
rec-59532-org,rec-59532-dup-0
rec-4208-org,rec-4208-dup-0
rec-21743-org,rec-21743-dup-0
rec-73093-org,rec-73093-dup-0
rec-30084-org,rec-30084-dup-0
rec-666-org,rec-666-dup-0
rec-66153-org,rec-66153-dup-0
rec-60496-org,rec-60496-dup-0
rec-55118-org,rec-55118-dup-0
rec-59935-org,rec-59935-dup-0
rec-75170-org,rec-75170-dup-0
rec-62129-org,rec-62129-dup-0
rec-34293-org,rec-34293-dup-0
rec-64236-org,rec-64236-dup-0
rec-60808-org,rec-60808-dup-0
rec-28129-org,rec-28129-dup-0
rec-73362-org,rec-73362-dup-0
rec-57192-org,rec-57192-dup-0
rec-27176-org,rec-27176-dup-0
rec-37464-org,rec-37464-dup-0
rec-69999-org,rec-69999-dup-0
rec-73863-org,rec-73863-dup-0
rec-9777-org,rec-9777-dup-0
rec-48323-org,rec-48323-dup-0
rec-76193-org,rec-76193-dup-0
rec-41924-org,rec-41924-dup-0
rec-71425-org,rec-71425-dup-0
rec-29676-org,rec-29676-dup-0
rec-75075-org,rec-75075-dup-0
rec-8232-org,rec-8232-dup-0
rec-53111-org,rec-53111-dup-0
rec-49340-org,rec-49340-dup-0
rec-20564-org,rec-20564-dup-0
rec-14705-org,rec-14705-dup-0
rec-66846-org,rec-66846-dup-0
rec-32636-org,rec-32636-dup-0
rec-38466-org,rec-38466-dup-0
rec-74833-org,rec-74833-dup-0
rec-68561-org,rec-68561-dup-0
rec-86855-org,rec-86855-dup-0
rec-74642-org,rec-74642-dup-0
rec-22136-org,rec-22136-dup-0
rec-65953-org,rec-65953-dup-0
rec-6689-org,rec-6689-dup-0
rec-44836-org,rec-44836-dup-0
rec-970-org,rec-970-dup-0
rec-49578-org,rec-49578-dup-0
rec-23666-org,rec-23666-dup-0
rec-65410-org,rec-65410-dup-0
rec-59209-org,rec-59209-dup-0
rec-71858-org,rec-71858-dup-0
rec-9954-org,rec-9954-dup-0
rec-8768-org,rec-8768-dup-0
rec-1729-org,rec-1729-dup-0
rec-57955-org,rec-57955-dup-0
rec-44787-org,rec-44787-dup-0
rec-39724-org,rec-39724-dup-0
rec-46556-org,rec-46556-dup-0
rec-66187-org,rec-66187-dup-0
rec-18013-org,rec-18013-dup-0
rec-6692-org,rec-6692-dup-0
rec-75033-org,rec-75033-dup-0
rec-29392-org,rec-29392-dup-0
rec-35566-org,rec-35566-dup-0
rec-42228-org,rec-42228-dup-0
rec-3867-org,rec-3867-dup-0
rec-79957-org,rec-79957-dup-0
rec-33069-org,rec-33069-dup-0
rec-74014-org,rec-74014-dup-0
rec-65908-org,rec-65908-dup-0
rec-41398-org,rec-41398-dup-0
rec-5529-org,rec-5529-dup-0
rec-42263-org,rec-42263-dup-0
rec-74447-org,rec-74447-dup-0
rec-130-org,rec-130-dup-0
rec-58842-org,rec-58842-dup-0
rec-35538-org,rec-35538-dup-0
rec-50248-org,rec-50248-dup-0
rec-82435-org,rec-82435-dup-0
rec-57981-org,rec-57981-dup-0
rec-61405-org,rec-61405-dup-0
rec-27764-org,rec-27764-dup-0
rec-28613-org,rec-28613-dup-0
rec-36377-org,rec-36377-dup-0
rec-34692-org,rec-34692-dup-0
rec-60295-org,rec-60295-dup-0
rec-62901-org,rec-62901-dup-0
rec-62107-org,rec-62107-dup-0
rec-58072-org,rec-58072-dup-0
rec-73379-org,rec-73379-dup-0
rec-83034-org,rec-83034-dup-0
rec-23312-org,rec-23312-dup-0
rec-715-org,rec-715-dup-0
rec-50642-org,rec-50642-dup-0
rec-80486-org,rec-80486-dup-0
rec-39906-org,rec-39906-dup-0
rec-64526-org,rec-64526-dup-0
rec-38775-org,rec-38775-dup-0
rec-56646-org,rec-56646-dup-0
rec-23585-org,rec-23585-dup-0
rec-31106-org,rec-31106-dup-0
rec-76881-org,rec-76881-dup-0
rec-76721-org,rec-76721-dup-0
rec-48599-org,rec-48599-dup-0
rec-74256-org,rec-74256-dup-0
rec-16104-org,rec-16104-dup-0
rec-29517-org,rec-29517-dup-0
rec-86620-org,rec-86620-dup-0
rec-74746-org,rec-74746-dup-0
rec-763-org,rec-763-dup-0
rec-78796-org,rec-78796-dup-0
rec-57863-org,rec-57863-dup-0
rec-57075-org,rec-57075-dup-0
rec-87943-org,rec-87943-dup-0
rec-30858-org,rec-30858-dup-0
rec-4456-org,rec-4456-dup-0
rec-70759-org,rec-70759-dup-0
rec-74253-org,rec-74253-dup-0
rec-24591-org,rec-24591-dup-0
rec-58476-org,rec-58476-dup-0
rec-76870-org,rec-76870-dup-0
rec-16197-org,rec-16197-dup-0
rec-18387-org,rec-18387-dup-0
rec-2444-org,rec-2444-dup-0
rec-4587-org,rec-4587-dup-0
rec-40609-org,rec-40609-dup-0
rec-1349-org,rec-1349-dup-0
rec-4733-org,rec-4733-dup-0
rec-47987-org,rec-47987-dup-0
rec-16774-org,rec-16774-dup-0
rec-10302-org,rec-10302-dup-0
rec-14267-org,rec-14267-dup-0
rec-19245-org,rec-19245-dup-0
rec-25807-org,rec-25807-dup-0
rec-87443-org,rec-87443-dup-0
rec-45505-org,rec-45505-dup-0
rec-22525-org,rec-22525-dup-0
rec-35432-org,rec-35432-dup-0
rec-72205-org,rec-72205-dup-0
rec-70363-org,rec-70363-dup-0
rec-30398-org,rec-30398-dup-0
rec-49750-org,rec-49750-dup-0
rec-4493-org,rec-4493-dup-0
rec-57826-org,rec-57826-dup-0
rec-20783-org,rec-20783-dup-0
rec-10383-org,rec-10383-dup-0
rec-82856-org,rec-82856-dup-0
rec-82319-org,rec-82319-dup-0
rec-70287-org,rec-70287-dup-0
rec-82811-org,rec-82811-dup-0
rec-67668-org,rec-67668-dup-0
rec-31764-org,rec-31764-dup-0
rec-74120-org,rec-74120-dup-0
rec-9906-org,rec-9906-dup-0
rec-27656-org,rec-27656-dup-0
rec-52733-org,rec-52733-dup-0
rec-48708-org,rec-48708-dup-0
rec-32546-org,rec-32546-dup-0
rec-24033-org,rec-24033-dup-0
rec-27675-org,rec-27675-dup-0
rec-19129-org,rec-19129-dup-0
rec-4526-org,rec-4526-dup-0
rec-18442-org,rec-18442-dup-0
rec-70943-org,rec-70943-dup-0
rec-44489-org,rec-44489-dup-0
rec-48219-org,rec-48219-dup-0
rec-25747-org,rec-25747-dup-0
rec-33813-org,rec-33813-dup-0
rec-52748-org,rec-52748-dup-0
rec-66287-org,rec-66287-dup-0
rec-4239-org,rec-4239-dup-0
rec-5012-org,rec-5012-dup-0
rec-35066-org,rec-35066-dup-0
rec-67783-org,rec-67783-dup-0
rec-15249-org,rec-15249-dup-0
rec-33336-org,rec-33336-dup-0
rec-72319-org,rec-72319-dup-0
rec-1471-org,rec-1471-dup-0
rec-29084-org,rec-29084-dup-0
rec-51856-org,rec-51856-dup-0
rec-28455-org,rec-28455-dup-0
rec-14007-org,rec-14007-dup-0
rec-34977-org,rec-34977-dup-0
rec-23111-org,rec-23111-dup-0
rec-65141-org,rec-65141-dup-0
rec-13545-org,rec-13545-dup-0
rec-72548-org,rec-72548-dup-0
rec-35983-org,rec-35983-dup-0
rec-10427-org,rec-10427-dup-0
rec-73848-org,rec-73848-dup-0
rec-18035-org,rec-18035-dup-0
rec-28892-org,rec-28892-dup-0
rec-85046-org,rec-85046-dup-0
rec-68706-org,rec-68706-dup-0
rec-17483-org,rec-17483-dup-0
rec-43697-org,rec-43697-dup-0
rec-76275-org,rec-76275-dup-0
rec-28693-org,rec-28693-dup-0
rec-58724-org,rec-58724-dup-0
rec-40485-org,rec-40485-dup-0
rec-82484-org,rec-82484-dup-0
rec-58449-org,rec-58449-dup-0
rec-9980-org,rec-9980-dup-0
rec-46579-org,rec-46579-dup-0
rec-72421-org,rec-72421-dup-0
rec-61498-org,rec-61498-dup-0
rec-80647-org,rec-80647-dup-0
rec-82683-org,rec-82683-dup-0
rec-59745-org,rec-59745-dup-0
rec-43659-org,rec-43659-dup-0
rec-59715-org,rec-59715-dup-0
rec-44881-org,rec-44881-dup-0
rec-65819-org,rec-65819-dup-0
rec-76267-org,rec-76267-dup-0
rec-43062-org,rec-43062-dup-0
rec-54880-org,rec-54880-dup-0
rec-18901-org,rec-18901-dup-0
rec-18775-org,rec-18775-dup-0
rec-39480-org,rec-39480-dup-0
rec-10444-org,rec-10444-dup-0
rec-38947-org,rec-38947-dup-0
rec-15691-org,rec-15691-dup-0
rec-71367-org,rec-71367-dup-0
rec-51988-org,rec-51988-dup-0
rec-74261-org,rec-74261-dup-0
rec-75166-org,rec-75166-dup-0
rec-74714-org,rec-74714-dup-0
rec-43753-org,rec-43753-dup-0
rec-5243-org,rec-5243-dup-0
rec-74880-org,rec-74880-dup-0
rec-21078-org,rec-21078-dup-0
rec-46486-org,rec-46486-dup-0
rec-31862-org,rec-31862-dup-0
rec-26719-org,rec-26719-dup-0
rec-52327-org,rec-52327-dup-0
rec-88550-org,rec-88550-dup-0
rec-82466-org,rec-82466-dup-0
rec-53654-org,rec-53654-dup-0
rec-28199-org,rec-28199-dup-0
rec-84423-org,rec-84423-dup-0
rec-51993-org,rec-51993-dup-0
rec-57021-org,rec-57021-dup-0
rec-27142-org,rec-27142-dup-0
rec-29573-org,rec-29573-dup-0
rec-29638-org,rec-29638-dup-0
rec-33827-org,rec-33827-dup-0
rec-48494-org,rec-48494-dup-0
rec-61995-org,rec-61995-dup-0
rec-46810-org,rec-46810-dup-0
rec-31566-org,rec-31566-dup-0
rec-54859-org,rec-54859-dup-0
rec-32582-org,rec-32582-dup-0
rec-39636-org,rec-39636-dup-0
rec-45269-org,rec-45269-dup-0
rec-18075-org,rec-18075-dup-0
rec-78138-org,rec-78138-dup-0
rec-8180-org,rec-8180-dup-0
rec-13303-org,rec-13303-dup-0
rec-21266-org,rec-21266-dup-0
rec-7858-org,rec-7858-dup-0
rec-46471-org,rec-46471-dup-0
rec-13310-org,rec-13310-dup-0
rec-34962-org,rec-34962-dup-0
rec-5122-org,rec-5122-dup-0
rec-59184-org,rec-59184-dup-0
rec-4101-org,rec-4101-dup-0
rec-42163-org,rec-42163-dup-0
rec-36759-org,rec-36759-dup-0
rec-34048-org,rec-34048-dup-0
rec-68717-org,rec-68717-dup-0
rec-32604-org,rec-32604-dup-0
rec-6096-org,rec-6096-dup-0
rec-66902-org,rec-66902-dup-0
rec-19712-org,rec-19712-dup-0
rec-29778-org,rec-29778-dup-0
rec-66004-org,rec-66004-dup-0
rec-8427-org,rec-8427-dup-0
rec-89549-org,rec-89549-dup-0
rec-78164-org,rec-78164-dup-0
rec-20809-org,rec-20809-dup-0
rec-12007-org,rec-12007-dup-0
rec-5063-org,rec-5063-dup-0
rec-71637-org,rec-71637-dup-0
rec-10818-org,rec-10818-dup-0
rec-17614-org,rec-17614-dup-0
rec-78694-org,rec-78694-dup-0
rec-70399-org,rec-70399-dup-0
rec-59122-org,rec-59122-dup-0
rec-75833-org,rec-75833-dup-0
rec-30432-org,rec-30432-dup-0
rec-54723-org,rec-54723-dup-0
rec-89653-org,rec-89653-dup-0
rec-38051-org,rec-38051-dup-0
rec-31290-org,rec-31290-dup-0
rec-75490-org,rec-75490-dup-0
rec-83290-org,rec-83290-dup-0
rec-3973-org,rec-3973-dup-0
rec-60224-org,rec-60224-dup-0
rec-50974-org,rec-50974-dup-0
rec-67963-org,rec-67963-dup-0
rec-11278-org,rec-11278-dup-0
rec-6854-org,rec-6854-dup-0
rec-13597-org,rec-13597-dup-0
rec-34107-org,rec-34107-dup-0
rec-19799-org,rec-19799-dup-0
rec-63370-org,rec-63370-dup-0
rec-67726-org,rec-67726-dup-0
rec-88804-org,rec-88804-dup-0
rec-21460-org,rec-21460-dup-0
rec-72475-org,rec-72475-dup-0
rec-44491-org,rec-44491-dup-0
rec-21003-org,rec-21003-dup-0
rec-65593-org,rec-65593-dup-0
rec-20409-org,rec-20409-dup-0
rec-22396-org,rec-22396-dup-0
rec-82563-org,rec-82563-dup-0
rec-23091-org,rec-23091-dup-0
rec-54153-org,rec-54153-dup-0
rec-25606-org,rec-25606-dup-0
rec-20134-org,rec-20134-dup-0
rec-48171-org,rec-48171-dup-0
rec-79275-org,rec-79275-dup-0
rec-34002-org,rec-34002-dup-0
rec-21441-org,rec-21441-dup-0
rec-48268-org,rec-48268-dup-0
rec-56601-org,rec-56601-dup-0
rec-38171-org,rec-38171-dup-0
rec-26744-org,rec-26744-dup-0
rec-72108-org,rec-72108-dup-0
rec-25988-org,rec-25988-dup-0
rec-63540-org,rec-63540-dup-0
rec-65781-org,rec-65781-dup-0
rec-56666-org,rec-56666-dup-0
rec-9307-org,rec-9307-dup-0
rec-84187-org,rec-84187-dup-0
rec-27241-org,rec-27241-dup-0
rec-49459-org,rec-49459-dup-0
rec-59546-org,rec-59546-dup-0
rec-21284-org,rec-21284-dup-0
rec-51091-org,rec-51091-dup-0
rec-22-org,rec-22-dup-0
rec-11276-org,rec-11276-dup-0
rec-53847-org,rec-53847-dup-0
rec-59536-org,rec-59536-dup-0
rec-65771-org,rec-65771-dup-0
rec-80690-org,rec-80690-dup-0
rec-74431-org,rec-74431-dup-0
rec-15633-org,rec-15633-dup-0
rec-35505-org,rec-35505-dup-0
rec-42746-org,rec-42746-dup-0
rec-20062-org,rec-20062-dup-0
rec-17329-org,rec-17329-dup-0
rec-72411-org,rec-72411-dup-0
rec-70265-org,rec-70265-dup-0
rec-14442-org,rec-14442-dup-0
rec-63291-org,rec-63291-dup-0
rec-84864-org,rec-84864-dup-0
rec-62509-org,rec-62509-dup-0
rec-66565-org,rec-66565-dup-0
rec-84821-org,rec-84821-dup-0
rec-27977-org,rec-27977-dup-0
rec-63167-org,rec-63167-dup-0
rec-8283-org,rec-8283-dup-0
rec-66115-org,rec-66115-dup-0
rec-65017-org,rec-65017-dup-0
rec-18158-org,rec-18158-dup-0
rec-20003-org,rec-20003-dup-0
rec-13482-org,rec-13482-dup-0
rec-89141-org,rec-89141-dup-0
rec-27839-org,rec-27839-dup-0
rec-37521-org,rec-37521-dup-0
rec-21840-org,rec-21840-dup-0
rec-75900-org,rec-75900-dup-0
rec-55703-org,rec-55703-dup-0
rec-27941-org,rec-27941-dup-0
rec-37243-org,rec-37243-dup-0
rec-45051-org,rec-45051-dup-0
rec-58542-org,rec-58542-dup-0
rec-38209-org,rec-38209-dup-0
rec-27127-org,rec-27127-dup-0
rec-80279-org,rec-80279-dup-0
rec-62226-org,rec-62226-dup-0
rec-74980-org,rec-74980-dup-0
rec-16036-org,rec-16036-dup-0
rec-74521-org,rec-74521-dup-0
rec-19881-org,rec-19881-dup-0
rec-43950-org,rec-43950-dup-0
rec-81272-org,rec-81272-dup-0
rec-16408-org,rec-16408-dup-0
rec-24301-org,rec-24301-dup-0
rec-46039-org,rec-46039-dup-0
rec-59495-org,rec-59495-dup-0
rec-26451-org,rec-26451-dup-0
rec-2908-org,rec-2908-dup-0
rec-69612-org,rec-69612-dup-0
rec-17366-org,rec-17366-dup-0
rec-86422-org,rec-86422-dup-0
rec-52241-org,rec-52241-dup-0
rec-33421-org,rec-33421-dup-0
rec-49504-org,rec-49504-dup-0
rec-29916-org,rec-29916-dup-0
rec-37005-org,rec-37005-dup-0
rec-22177-org,rec-22177-dup-0
rec-14818-org,rec-14818-dup-0
rec-981-org,rec-981-dup-0
rec-41373-org,rec-41373-dup-0
rec-27464-org,rec-27464-dup-0
rec-55526-org,rec-55526-dup-0
rec-37251-org,rec-37251-dup-0
rec-35054-org,rec-35054-dup-0
rec-48282-org,rec-48282-dup-0
rec-36624-org,rec-36624-dup-0
rec-38038-org,rec-38038-dup-0
rec-35714-org,rec-35714-dup-0
rec-40680-org,rec-40680-dup-0
rec-11636-org,rec-11636-dup-0
rec-34802-org,rec-34802-dup-0
rec-70470-org,rec-70470-dup-0
rec-68332-org,rec-68332-dup-0
rec-36805-org,rec-36805-dup-0
rec-16448-org,rec-16448-dup-0
rec-53078-org,rec-53078-dup-0
rec-70934-org,rec-70934-dup-0
rec-15702-org,rec-15702-dup-0
rec-81255-org,rec-81255-dup-0
rec-83487-org,rec-83487-dup-0
rec-31621-org,rec-31621-dup-0
rec-7579-org,rec-7579-dup-0
rec-82851-org,rec-82851-dup-0
rec-46763-org,rec-46763-dup-0
rec-79255-org,rec-79255-dup-0
rec-31046-org,rec-31046-dup-0
rec-48161-org,rec-48161-dup-0
rec-53560-org,rec-53560-dup-0
rec-82623-org,rec-82623-dup-0
rec-25554-org,rec-25554-dup-0
rec-87386-org,rec-87386-dup-0
rec-3741-org,rec-3741-dup-0
rec-56980-org,rec-56980-dup-0
rec-36229-org,rec-36229-dup-0
rec-57250-org,rec-57250-dup-0
rec-71040-org,rec-71040-dup-0
rec-86990-org,rec-86990-dup-0
rec-7913-org,rec-7913-dup-0
rec-49144-org,rec-49144-dup-0
rec-36309-org,rec-36309-dup-0
rec-40188-org,rec-40188-dup-0
rec-29246-org,rec-29246-dup-0
rec-83185-org,rec-83185-dup-0
rec-11485-org,rec-11485-dup-0
rec-78431-org,rec-78431-dup-0
rec-25705-org,rec-25705-dup-0
rec-41818-org,rec-41818-dup-0
rec-3453-org,rec-3453-dup-0
rec-24914-org,rec-24914-dup-0
rec-64934-org,rec-64934-dup-0
rec-58376-org,rec-58376-dup-0
rec-68576-org,rec-68576-dup-0
rec-63307-org,rec-63307-dup-0
rec-64737-org,rec-64737-dup-0
rec-29842-org,rec-29842-dup-0
rec-80659-org,rec-80659-dup-0
rec-29576-org,rec-29576-dup-0
rec-1518-org,rec-1518-dup-0
rec-51431-org,rec-51431-dup-0
rec-45150-org,rec-45150-dup-0
rec-47185-org,rec-47185-dup-0
rec-29034-org,rec-29034-dup-0
rec-28066-org,rec-28066-dup-0
rec-78042-org,rec-78042-dup-0
rec-71914-org,rec-71914-dup-0
rec-66784-org,rec-66784-dup-0
rec-43892-org,rec-43892-dup-0
rec-46176-org,rec-46176-dup-0
rec-67414-org,rec-67414-dup-0
rec-68452-org,rec-68452-dup-0
rec-6646-org,rec-6646-dup-0
rec-11022-org,rec-11022-dup-0
rec-65373-org,rec-65373-dup-0
rec-33995-org,rec-33995-dup-0
rec-62758-org,rec-62758-dup-0
rec-83792-org,rec-83792-dup-0
rec-58056-org,rec-58056-dup-0
rec-45021-org,rec-45021-dup-0
rec-39487-org,rec-39487-dup-0
rec-38645-org,rec-38645-dup-0
rec-88593-org,rec-88593-dup-0
rec-85989-org,rec-85989-dup-0
rec-8528-org,rec-8528-dup-0
rec-39986-org,rec-39986-dup-0
rec-2414-org,rec-2414-dup-0
rec-3625-org,rec-3625-dup-0
rec-31945-org,rec-31945-dup-0
rec-49194-org,rec-49194-dup-0
rec-44200-org,rec-44200-dup-0
rec-23346-org,rec-23346-dup-0
rec-17042-org,rec-17042-dup-0
rec-31026-org,rec-31026-dup-0
rec-57132-org,rec-57132-dup-0
rec-84116-org,rec-84116-dup-0
rec-79020-org,rec-79020-dup-0
rec-37480-org,rec-37480-dup-0
rec-14534-org,rec-14534-dup-0
rec-50363-org,rec-50363-dup-0
rec-83957-org,rec-83957-dup-0
rec-34490-org,rec-34490-dup-0
rec-39314-org,rec-39314-dup-0
rec-74537-org,rec-74537-dup-0
rec-69844-org,rec-69844-dup-0
rec-67071-org,rec-67071-dup-0
rec-64143-org,rec-64143-dup-0
rec-17383-org,rec-17383-dup-0
rec-23819-org,rec-23819-dup-0
rec-63545-org,rec-63545-dup-0
rec-62867-org,rec-62867-dup-0
rec-15416-org,rec-15416-dup-0
rec-20639-org,rec-20639-dup-0
rec-9594-org,rec-9594-dup-0
rec-21592-org,rec-21592-dup-0
rec-16685-org,rec-16685-dup-0
rec-50845-org,rec-50845-dup-0
rec-1285-org,rec-1285-dup-0
rec-80547-org,rec-80547-dup-0
rec-69154-org,rec-69154-dup-0
rec-56104-org,rec-56104-dup-0
rec-21715-org,rec-21715-dup-0
rec-8614-org,rec-8614-dup-0
rec-86364-org,rec-86364-dup-0
rec-66956-org,rec-66956-dup-0
rec-12072-org,rec-12072-dup-0
rec-89413-org,rec-89413-dup-0
rec-51716-org,rec-51716-dup-0
rec-17440-org,rec-17440-dup-0
rec-21483-org,rec-21483-dup-0
rec-13211-org,rec-13211-dup-0
rec-71541-org,rec-71541-dup-0
rec-28301-org,rec-28301-dup-0
rec-70452-org,rec-70452-dup-0
rec-49872-org,rec-49872-dup-0
rec-26035-org,rec-26035-dup-0
rec-65504-org,rec-65504-dup-0
rec-53210-org,rec-53210-dup-0
rec-77849-org,rec-77849-dup-0
rec-85040-org,rec-85040-dup-0
rec-63268-org,rec-63268-dup-0
rec-60966-org,rec-60966-dup-0
rec-57607-org,rec-57607-dup-0
rec-47663-org,rec-47663-dup-0
rec-73849-org,rec-73849-dup-0
rec-25632-org,rec-25632-dup-0
rec-13955-org,rec-13955-dup-0
rec-85586-org,rec-85586-dup-0
rec-81112-org,rec-81112-dup-0
rec-9210-org,rec-9210-dup-0
rec-79236-org,rec-79236-dup-0
rec-75983-org,rec-75983-dup-0
rec-14591-org,rec-14591-dup-0
rec-45717-org,rec-45717-dup-0
rec-42026-org,rec-42026-dup-0
rec-847-org,rec-847-dup-0
rec-46719-org,rec-46719-dup-0
rec-80134-org,rec-80134-dup-0
rec-18717-org,rec-18717-dup-0
rec-6428-org,rec-6428-dup-0
rec-24695-org,rec-24695-dup-0
rec-88072-org,rec-88072-dup-0
rec-11417-org,rec-11417-dup-0
rec-54364-org,rec-54364-dup-0
rec-34904-org,rec-34904-dup-0
rec-83623-org,rec-83623-dup-0
rec-43001-org,rec-43001-dup-0
rec-22922-org,rec-22922-dup-0
rec-68075-org,rec-68075-dup-0
rec-40411-org,rec-40411-dup-0
rec-30288-org,rec-30288-dup-0
rec-39613-org,rec-39613-dup-0
rec-7249-org,rec-7249-dup-0
rec-27278-org,rec-27278-dup-0
rec-68784-org,rec-68784-dup-0
rec-88949-org,rec-88949-dup-0
rec-27731-org,rec-27731-dup-0
rec-61360-org,rec-61360-dup-0
rec-70065-org,rec-70065-dup-0
rec-75507-org,rec-75507-dup-0
rec-79948-org,rec-79948-dup-0
rec-5142-org,rec-5142-dup-0
rec-41515-org,rec-41515-dup-0
rec-78977-org,rec-78977-dup-0
rec-62856-org,rec-62856-dup-0
rec-15859-org,rec-15859-dup-0
rec-43704-org,rec-43704-dup-0
rec-69589-org,rec-69589-dup-0
rec-14200-org,rec-14200-dup-0
rec-81829-org,rec-81829-dup-0
rec-86183-org,rec-86183-dup-0
rec-53555-org,rec-53555-dup-0
rec-5248-org,rec-5248-dup-0
rec-13169-org,rec-13169-dup-0
rec-34794-org,rec-34794-dup-0
rec-25322-org,rec-25322-dup-0
rec-76499-org,rec-76499-dup-0
rec-5174-org,rec-5174-dup-0
rec-48960-org,rec-48960-dup-0
rec-32469-org,rec-32469-dup-0
rec-18202-org,rec-18202-dup-0
rec-63400-org,rec-63400-dup-0
rec-88632-org,rec-88632-dup-0
rec-78966-org,rec-78966-dup-0
rec-51949-org,rec-51949-dup-0
rec-31022-org,rec-31022-dup-0
rec-64685-org,rec-64685-dup-0
rec-83579-org,rec-83579-dup-0
rec-71477-org,rec-71477-dup-0
rec-18180-org,rec-18180-dup-0
rec-16831-org,rec-16831-dup-0
rec-23894-org,rec-23894-dup-0
rec-88460-org,rec-88460-dup-0
rec-80681-org,rec-80681-dup-0
rec-43586-org,rec-43586-dup-0
rec-51301-org,rec-51301-dup-0
rec-71202-org,rec-71202-dup-0
rec-56326-org,rec-56326-dup-0
rec-70598-org,rec-70598-dup-0
rec-8265-org,rec-8265-dup-0
rec-6455-org,rec-6455-dup-0
rec-60994-org,rec-60994-dup-0
rec-73715-org,rec-73715-dup-0
rec-66578-org,rec-66578-dup-0
rec-85104-org,rec-85104-dup-0
rec-41121-org,rec-41121-dup-0
rec-1234-org,rec-1234-dup-0
rec-37387-org,rec-37387-dup-0
rec-51712-org,rec-51712-dup-0
rec-28517-org,rec-28517-dup-0
rec-34618-org,rec-34618-dup-0
rec-50808-org,rec-50808-dup-0
rec-61592-org,rec-61592-dup-0
rec-8342-org,rec-8342-dup-0
rec-19004-org,rec-19004-dup-0
rec-88711-org,rec-88711-dup-0
rec-63633-org,rec-63633-dup-0
rec-9394-org,rec-9394-dup-0
rec-66181-org,rec-66181-dup-0
rec-34315-org,rec-34315-dup-0
rec-5972-org,rec-5972-dup-0
rec-31580-org,rec-31580-dup-0
rec-42277-org,rec-42277-dup-0
rec-44548-org,rec-44548-dup-0
rec-35739-org,rec-35739-dup-0
rec-43334-org,rec-43334-dup-0
rec-58367-org,rec-58367-dup-0
rec-53704-org,rec-53704-dup-0
rec-67053-org,rec-67053-dup-0
rec-71656-org,rec-71656-dup-0
rec-16689-org,rec-16689-dup-0
rec-31833-org,rec-31833-dup-0
rec-26549-org,rec-26549-dup-0
rec-65283-org,rec-65283-dup-0
rec-85677-org,rec-85677-dup-0
rec-31838-org,rec-31838-dup-0
rec-77684-org,rec-77684-dup-0
rec-16017-org,rec-16017-dup-0
rec-7106-org,rec-7106-dup-0
rec-81618-org,rec-81618-dup-0
rec-77166-org,rec-77166-dup-0
rec-48726-org,rec-48726-dup-0
rec-19394-org,rec-19394-dup-0
rec-18114-org,rec-18114-dup-0
rec-52642-org,rec-52642-dup-0
rec-51845-org,rec-51845-dup-0
rec-85828-org,rec-85828-dup-0
rec-60335-org,rec-60335-dup-0
rec-71164-org,rec-71164-dup-0
rec-34331-org,rec-34331-dup-0
rec-63431-org,rec-63431-dup-0
rec-60092-org,rec-60092-dup-0
rec-17576-org,rec-17576-dup-0
rec-42832-org,rec-42832-dup-0
rec-57313-org,rec-57313-dup-0
rec-14123-org,rec-14123-dup-0
rec-67574-org,rec-67574-dup-0
rec-60961-org,rec-60961-dup-0
rec-7986-org,rec-7986-dup-0
rec-5524-org,rec-5524-dup-0
rec-29421-org,rec-29421-dup-0
rec-37836-org,rec-37836-dup-0
rec-6654-org,rec-6654-dup-0
rec-80634-org,rec-80634-dup-0
rec-74125-org,rec-74125-dup-0
rec-73647-org,rec-73647-dup-0
rec-19322-org,rec-19322-dup-0
rec-88249-org,rec-88249-dup-0
rec-59752-org,rec-59752-dup-0
rec-16172-org,rec-16172-dup-0
rec-47207-org,rec-47207-dup-0
rec-55619-org,rec-55619-dup-0
rec-55131-org,rec-55131-dup-0
rec-31879-org,rec-31879-dup-0
rec-85473-org,rec-85473-dup-0
rec-79691-org,rec-79691-dup-0
rec-61145-org,rec-61145-dup-0
rec-67710-org,rec-67710-dup-0
rec-19415-org,rec-19415-dup-0
rec-13527-org,rec-13527-dup-0
rec-36560-org,rec-36560-dup-0
rec-44818-org,rec-44818-dup-0
rec-12560-org,rec-12560-dup-0
rec-5679-org,rec-5679-dup-0
rec-2788-org,rec-2788-dup-0
rec-47319-org,rec-47319-dup-0
rec-4578-org,rec-4578-dup-0
rec-44741-org,rec-44741-dup-0
rec-86727-org,rec-86727-dup-0
rec-7202-org,rec-7202-dup-0
rec-50314-org,rec-50314-dup-0
rec-14592-org,rec-14592-dup-0
rec-54203-org,rec-54203-dup-0
rec-29072-org,rec-29072-dup-0
rec-49425-org,rec-49425-dup-0
rec-84644-org,rec-84644-dup-0
rec-3587-org,rec-3587-dup-0
rec-17899-org,rec-17899-dup-0
rec-45485-org,rec-45485-dup-0
rec-80567-org,rec-80567-dup-0
rec-81040-org,rec-81040-dup-0
rec-58265-org,rec-58265-dup-0
rec-47430-org,rec-47430-dup-0
rec-43739-org,rec-43739-dup-0
rec-79440-org,rec-79440-dup-0
rec-61049-org,rec-61049-dup-0
rec-73842-org,rec-73842-dup-0
rec-21776-org,rec-21776-dup-0
rec-51482-org,rec-51482-dup-0
rec-34102-org,rec-34102-dup-0
rec-66984-org,rec-66984-dup-0
rec-5584-org,rec-5584-dup-0
rec-41437-org,rec-41437-dup-0
rec-30418-org,rec-30418-dup-0
rec-46051-org,rec-46051-dup-0
rec-44388-org,rec-44388-dup-0
rec-41447-org,rec-41447-dup-0
rec-52626-org,rec-52626-dup-0
rec-28338-org,rec-28338-dup-0
rec-72305-org,rec-72305-dup-0
rec-32699-org,rec-32699-dup-0
rec-26307-org,rec-26307-dup-0
rec-64371-org,rec-64371-dup-0
rec-62298-org,rec-62298-dup-0
rec-22441-org,rec-22441-dup-0
rec-34413-org,rec-34413-dup-0
rec-13580-org,rec-13580-dup-0
rec-39873-org,rec-39873-dup-0
rec-4674-org,rec-4674-dup-0
rec-74994-org,rec-74994-dup-0
rec-23260-org,rec-23260-dup-0
rec-25435-org,rec-25435-dup-0
rec-32386-org,rec-32386-dup-0
rec-55843-org,rec-55843-dup-0
rec-33936-org,rec-33936-dup-0
rec-62782-org,rec-62782-dup-0
rec-47291-org,rec-47291-dup-0
rec-37088-org,rec-37088-dup-0
rec-2382-org,rec-2382-dup-0
rec-28003-org,rec-28003-dup-0
rec-12677-org,rec-12677-dup-0
rec-83265-org,rec-83265-dup-0
rec-18918-org,rec-18918-dup-0
rec-71340-org,rec-71340-dup-0
rec-26824-org,rec-26824-dup-0
rec-39100-org,rec-39100-dup-0
rec-84145-org,rec-84145-dup-0
rec-22153-org,rec-22153-dup-0
rec-39610-org,rec-39610-dup-0
rec-53149-org,rec-53149-dup-0
rec-62023-org,rec-62023-dup-0
rec-59151-org,rec-59151-dup-0
rec-12713-org,rec-12713-dup-0
rec-37607-org,rec-37607-dup-0
rec-68856-org,rec-68856-dup-0
rec-61261-org,rec-61261-dup-0
rec-14537-org,rec-14537-dup-0
rec-12999-org,rec-12999-dup-0
rec-22092-org,rec-22092-dup-0
rec-84124-org,rec-84124-dup-0
rec-27025-org,rec-27025-dup-0
rec-85340-org,rec-85340-dup-0
rec-19997-org,rec-19997-dup-0
rec-56812-org,rec-56812-dup-0
rec-41684-org,rec-41684-dup-0
rec-45967-org,rec-45967-dup-0
rec-5292-org,rec-5292-dup-0
rec-24826-org,rec-24826-dup-0
rec-78405-org,rec-78405-dup-0
rec-49047-org,rec-49047-dup-0
rec-32741-org,rec-32741-dup-0
rec-88384-org,rec-88384-dup-0
rec-32618-org,rec-32618-dup-0
rec-34837-org,rec-34837-dup-0
rec-33236-org,rec-33236-dup-0
rec-49732-org,rec-49732-dup-0
rec-871-org,rec-871-dup-0
rec-75121-org,rec-75121-dup-0
rec-14841-org,rec-14841-dup-0
rec-36540-org,rec-36540-dup-0
rec-56907-org,rec-56907-dup-0
rec-3503-org,rec-3503-dup-0
rec-20422-org,rec-20422-dup-0
rec-57216-org,rec-57216-dup-0
rec-30934-org,rec-30934-dup-0
rec-72400-org,rec-72400-dup-0
rec-76631-org,rec-76631-dup-0
rec-31302-org,rec-31302-dup-0
rec-11226-org,rec-11226-dup-0
rec-33640-org,rec-33640-dup-0
rec-2500-org,rec-2500-dup-0
rec-8014-org,rec-8014-dup-0
rec-45462-org,rec-45462-dup-0
rec-81746-org,rec-81746-dup-0
rec-19166-org,rec-19166-dup-0
rec-50457-org,rec-50457-dup-0
rec-89843-org,rec-89843-dup-0
rec-16159-org,rec-16159-dup-0
rec-32158-org,rec-32158-dup-0
rec-63366-org,rec-63366-dup-0
rec-56845-org,rec-56845-dup-0
rec-6883-org,rec-6883-dup-0
rec-53585-org,rec-53585-dup-0
rec-75450-org,rec-75450-dup-0
rec-49027-org,rec-49027-dup-0
rec-69759-org,rec-69759-dup-0
rec-31401-org,rec-31401-dup-0
rec-11161-org,rec-11161-dup-0
rec-88446-org,rec-88446-dup-0
rec-73736-org,rec-73736-dup-0
rec-57387-org,rec-57387-dup-0
rec-70503-org,rec-70503-dup-0
rec-5145-org,rec-5145-dup-0
rec-54429-org,rec-54429-dup-0
rec-15026-org,rec-15026-dup-0
rec-20152-org,rec-20152-dup-0
rec-48866-org,rec-48866-dup-0
rec-39730-org,rec-39730-dup-0
rec-87270-org,rec-87270-dup-0
rec-17944-org,rec-17944-dup-0
rec-67649-org,rec-67649-dup-0
rec-75002-org,rec-75002-dup-0
rec-30608-org,rec-30608-dup-0
rec-1653-org,rec-1653-dup-0
rec-7506-org,rec-7506-dup-0
rec-84181-org,rec-84181-dup-0
rec-61801-org,rec-61801-dup-0
rec-65300-org,rec-65300-dup-0
rec-48568-org,rec-48568-dup-0
rec-10504-org,rec-10504-dup-0
rec-40615-org,rec-40615-dup-0
rec-21709-org,rec-21709-dup-0
rec-8617-org,rec-8617-dup-0
rec-23422-org,rec-23422-dup-0
rec-51101-org,rec-51101-dup-0
rec-74733-org,rec-74733-dup-0
rec-59652-org,rec-59652-dup-0
rec-16220-org,rec-16220-dup-0
rec-71286-org,rec-71286-dup-0
rec-76493-org,rec-76493-dup-0
rec-43778-org,rec-43778-dup-0
rec-65715-org,rec-65715-dup-0
rec-36584-org,rec-36584-dup-0
rec-1383-org,rec-1383-dup-0
rec-13195-org,rec-13195-dup-0
rec-26853-org,rec-26853-dup-0
rec-5963-org,rec-5963-dup-0
rec-55553-org,rec-55553-dup-0
rec-81639-org,rec-81639-dup-0
rec-62894-org,rec-62894-dup-0
rec-11516-org,rec-11516-dup-0
rec-72073-org,rec-72073-dup-0
rec-71250-org,rec-71250-dup-0
rec-29280-org,rec-29280-dup-0
rec-60447-org,rec-60447-dup-0
rec-57163-org,rec-57163-dup-0
rec-82094-org,rec-82094-dup-0
rec-76290-org,rec-76290-dup-0
rec-80558-org,rec-80558-dup-0
rec-67219-org,rec-67219-dup-0
rec-58699-org,rec-58699-dup-0
rec-62540-org,rec-62540-dup-0
rec-75087-org,rec-75087-dup-0
rec-75967-org,rec-75967-dup-0
rec-2983-org,rec-2983-dup-0
rec-68202-org,rec-68202-dup-0
rec-89551-org,rec-89551-dup-0
rec-86686-org,rec-86686-dup-0
rec-80765-org,rec-80765-dup-0
rec-13576-org,rec-13576-dup-0
rec-63496-org,rec-63496-dup-0
rec-26083-org,rec-26083-dup-0
rec-58584-org,rec-58584-dup-0
rec-50969-org,rec-50969-dup-0
rec-57648-org,rec-57648-dup-0
rec-47250-org,rec-47250-dup-0
rec-28708-org,rec-28708-dup-0
rec-28216-org,rec-28216-dup-0
rec-42612-org,rec-42612-dup-0
rec-30710-org,rec-30710-dup-0
rec-9542-org,rec-9542-dup-0
rec-63287-org,rec-63287-dup-0
rec-56271-org,rec-56271-dup-0
rec-58676-org,rec-58676-dup-0
rec-86634-org,rec-86634-dup-0
rec-78098-org,rec-78098-dup-0
rec-32026-org,rec-32026-dup-0
rec-46898-org,rec-46898-dup-0
rec-82861-org,rec-82861-dup-0
rec-65088-org,rec-65088-dup-0
rec-10921-org,rec-10921-dup-0
rec-17284-org,rec-17284-dup-0
rec-54644-org,rec-54644-dup-0
rec-9737-org,rec-9737-dup-0
rec-53786-org,rec-53786-dup-0
rec-10960-org,rec-10960-dup-0
rec-22414-org,rec-22414-dup-0
rec-4261-org,rec-4261-dup-0
rec-29805-org,rec-29805-dup-0
rec-29966-org,rec-29966-dup-0
rec-60209-org,rec-60209-dup-0
rec-80871-org,rec-80871-dup-0
rec-81192-org,rec-81192-dup-0
rec-49562-org,rec-49562-dup-0
rec-84459-org,rec-84459-dup-0
rec-38067-org,rec-38067-dup-0
rec-73823-org,rec-73823-dup-0
rec-20182-org,rec-20182-dup-0
rec-74174-org,rec-74174-dup-0
rec-89597-org,rec-89597-dup-0
rec-64515-org,rec-64515-dup-0
rec-43644-org,rec-43644-dup-0
rec-87981-org,rec-87981-dup-0
rec-36178-org,rec-36178-dup-0
rec-63860-org,rec-63860-dup-0
rec-72051-org,rec-72051-dup-0
rec-453-org,rec-453-dup-0
rec-11138-org,rec-11138-dup-0
rec-81479-org,rec-81479-dup-0
rec-87722-org,rec-87722-dup-0
rec-36678-org,rec-36678-dup-0
rec-27800-org,rec-27800-dup-0
rec-9102-org,rec-9102-dup-0
rec-34086-org,rec-34086-dup-0
rec-7461-org,rec-7461-dup-0
rec-11363-org,rec-11363-dup-0
rec-44418-org,rec-44418-dup-0
rec-24904-org,rec-24904-dup-0
rec-1922-org,rec-1922-dup-0
rec-47498-org,rec-47498-dup-0
rec-85722-org,rec-85722-dup-0
rec-71190-org,rec-71190-dup-0
rec-13814-org,rec-13814-dup-0
rec-25219-org,rec-25219-dup-0
rec-57592-org,rec-57592-dup-0
rec-64081-org,rec-64081-dup-0
rec-58326-org,rec-58326-dup-0
rec-54416-org,rec-54416-dup-0
rec-45560-org,rec-45560-dup-0
rec-56302-org,rec-56302-dup-0
rec-20901-org,rec-20901-dup-0
rec-30012-org,rec-30012-dup-0
rec-41620-org,rec-41620-dup-0
rec-576-org,rec-576-dup-0
rec-45631-org,rec-45631-dup-0
rec-2731-org,rec-2731-dup-0
rec-49937-org,rec-49937-dup-0
rec-53817-org,rec-53817-dup-0
rec-22566-org,rec-22566-dup-0
rec-83537-org,rec-83537-dup-0
rec-74869-org,rec-74869-dup-0
rec-35009-org,rec-35009-dup-0
rec-56363-org,rec-56363-dup-0
rec-22788-org,rec-22788-dup-0
rec-84235-org,rec-84235-dup-0
rec-13170-org,rec-13170-dup-0
rec-42725-org,rec-42725-dup-0
rec-82340-org,rec-82340-dup-0
rec-29235-org,rec-29235-dup-0
rec-67335-org,rec-67335-dup-0
rec-67462-org,rec-67462-dup-0
rec-26770-org,rec-26770-dup-0
rec-28665-org,rec-28665-dup-0
rec-18277-org,rec-18277-dup-0
rec-81072-org,rec-81072-dup-0
rec-72109-org,rec-72109-dup-0
rec-19433-org,rec-19433-dup-0
rec-8512-org,rec-8512-dup-0
rec-89022-org,rec-89022-dup-0
rec-44599-org,rec-44599-dup-0
rec-23307-org,rec-23307-dup-0
rec-64600-org,rec-64600-dup-0
rec-77825-org,rec-77825-dup-0
rec-33478-org,rec-33478-dup-0
rec-55967-org,rec-55967-dup-0
rec-89374-org,rec-89374-dup-0
rec-58670-org,rec-58670-dup-0
rec-32899-org,rec-32899-dup-0
rec-53702-org,rec-53702-dup-0
rec-31984-org,rec-31984-dup-0
rec-86717-org,rec-86717-dup-0
rec-21069-org,rec-21069-dup-0
rec-14302-org,rec-14302-dup-0
rec-42845-org,rec-42845-dup-0
rec-33884-org,rec-33884-dup-0
rec-26333-org,rec-26333-dup-0
rec-78681-org,rec-78681-dup-0
rec-20943-org,rec-20943-dup-0
rec-65881-org,rec-65881-dup-0
rec-83160-org,rec-83160-dup-0
rec-4705-org,rec-4705-dup-0
rec-28324-org,rec-28324-dup-0
rec-21235-org,rec-21235-dup-0
rec-19867-org,rec-19867-dup-0
rec-36677-org,rec-36677-dup-0
rec-47439-org,rec-47439-dup-0
rec-70639-org,rec-70639-dup-0
rec-35087-org,rec-35087-dup-0
rec-13337-org,rec-13337-dup-0
rec-30256-org,rec-30256-dup-0
rec-75885-org,rec-75885-dup-0
rec-80628-org,rec-80628-dup-0
rec-17940-org,rec-17940-dup-0
rec-55782-org,rec-55782-dup-0
rec-73217-org,rec-73217-dup-0
rec-50988-org,rec-50988-dup-0
rec-74912-org,rec-74912-dup-0
rec-46111-org,rec-46111-dup-0
rec-31817-org,rec-31817-dup-0
rec-17529-org,rec-17529-dup-0
rec-46541-org,rec-46541-dup-0
rec-56327-org,rec-56327-dup-0
rec-48683-org,rec-48683-dup-0
rec-5516-org,rec-5516-dup-0
rec-81516-org,rec-81516-dup-0
rec-76429-org,rec-76429-dup-0
rec-19137-org,rec-19137-dup-0
rec-47768-org,rec-47768-dup-0
rec-61689-org,rec-61689-dup-0
rec-17489-org,rec-17489-dup-0
rec-56162-org,rec-56162-dup-0
rec-72813-org,rec-72813-dup-0
rec-85807-org,rec-85807-dup-0
rec-62264-org,rec-62264-dup-0
rec-12869-org,rec-12869-dup-0
rec-38179-org,rec-38179-dup-0
rec-10760-org,rec-10760-dup-0
rec-3480-org,rec-3480-dup-0
rec-28706-org,rec-28706-dup-0
rec-14865-org,rec-14865-dup-0
rec-62849-org,rec-62849-dup-0
rec-66735-org,rec-66735-dup-0
rec-5173-org,rec-5173-dup-0
rec-30721-org,rec-30721-dup-0
rec-10234-org,rec-10234-dup-0
rec-60943-org,rec-60943-dup-0
rec-63703-org,rec-63703-dup-0
rec-744-org,rec-744-dup-0
rec-72130-org,rec-72130-dup-0
rec-19468-org,rec-19468-dup-0
rec-71011-org,rec-71011-dup-0
rec-87158-org,rec-87158-dup-0
rec-1084-org,rec-1084-dup-0
rec-5051-org,rec-5051-dup-0
rec-61039-org,rec-61039-dup-0
rec-11303-org,rec-11303-dup-0
rec-59926-org,rec-59926-dup-0
rec-66055-org,rec-66055-dup-0
rec-53930-org,rec-53930-dup-0
rec-61843-org,rec-61843-dup-0
rec-51871-org,rec-51871-dup-0
rec-20826-org,rec-20826-dup-0
rec-34667-org,rec-34667-dup-0
rec-16934-org,rec-16934-dup-0
rec-33215-org,rec-33215-dup-0
rec-78467-org,rec-78467-dup-0
rec-57551-org,rec-57551-dup-0
rec-57884-org,rec-57884-dup-0
rec-73373-org,rec-73373-dup-0
rec-55982-org,rec-55982-dup-0
rec-32388-org,rec-32388-dup-0
rec-33909-org,rec-33909-dup-0
rec-16503-org,rec-16503-dup-0
rec-17929-org,rec-17929-dup-0
rec-47052-org,rec-47052-dup-0
rec-21992-org,rec-21992-dup-0
rec-5825-org,rec-5825-dup-0
rec-49664-org,rec-49664-dup-0
rec-44529-org,rec-44529-dup-0
rec-58891-org,rec-58891-dup-0
rec-75078-org,rec-75078-dup-0
rec-46235-org,rec-46235-dup-0
rec-11306-org,rec-11306-dup-0
rec-86327-org,rec-86327-dup-0
rec-9003-org,rec-9003-dup-0
rec-61419-org,rec-61419-dup-0
rec-22683-org,rec-22683-dup-0
rec-59776-org,rec-59776-dup-0
rec-24392-org,rec-24392-dup-0
rec-80646-org,rec-80646-dup-0
rec-7964-org,rec-7964-dup-0
rec-54275-org,rec-54275-dup-0
rec-89971-org,rec-89971-dup-0
rec-53127-org,rec-53127-dup-0
rec-22051-org,rec-22051-dup-0
rec-5258-org,rec-5258-dup-0
rec-28914-org,rec-28914-dup-0
rec-74200-org,rec-74200-dup-0
rec-87139-org,rec-87139-dup-0
rec-85559-org,rec-85559-dup-0
rec-42262-org,rec-42262-dup-0
rec-53322-org,rec-53322-dup-0
rec-67238-org,rec-67238-dup-0
rec-69600-org,rec-69600-dup-0
rec-54970-org,rec-54970-dup-0
rec-19925-org,rec-19925-dup-0
rec-18757-org,rec-18757-dup-0
rec-70468-org,rec-70468-dup-0
rec-40332-org,rec-40332-dup-0
rec-86389-org,rec-86389-dup-0
rec-87021-org,rec-87021-dup-0
rec-29571-org,rec-29571-dup-0
rec-14888-org,rec-14888-dup-0
rec-67975-org,rec-67975-dup-0
rec-8527-org,rec-8527-dup-0
rec-41585-org,rec-41585-dup-0
rec-50546-org,rec-50546-dup-0
rec-80920-org,rec-80920-dup-0
rec-73007-org,rec-73007-dup-0
rec-8253-org,rec-8253-dup-0
rec-79967-org,rec-79967-dup-0
rec-31886-org,rec-31886-dup-0
rec-37304-org,rec-37304-dup-0
rec-51238-org,rec-51238-dup-0
rec-32688-org,rec-32688-dup-0
rec-19320-org,rec-19320-dup-0
rec-33917-org,rec-33917-dup-0
rec-27933-org,rec-27933-dup-0
rec-12213-org,rec-12213-dup-0
rec-27164-org,rec-27164-dup-0
rec-23143-org,rec-23143-dup-0
rec-18730-org,rec-18730-dup-0
rec-16091-org,rec-16091-dup-0
rec-81955-org,rec-81955-dup-0
rec-6104-org,rec-6104-dup-0
rec-72863-org,rec-72863-dup-0
rec-4473-org,rec-4473-dup-0
rec-57105-org,rec-57105-dup-0
rec-83593-org,rec-83593-dup-0
rec-43967-org,rec-43967-dup-0
rec-12288-org,rec-12288-dup-0
rec-39338-org,rec-39338-dup-0
rec-60214-org,rec-60214-dup-0
rec-44342-org,rec-44342-dup-0
rec-68182-org,rec-68182-dup-0
rec-69247-org,rec-69247-dup-0
rec-76924-org,rec-76924-dup-0
rec-67503-org,rec-67503-dup-0
rec-8262-org,rec-8262-dup-0
rec-26958-org,rec-26958-dup-0
rec-5498-org,rec-5498-dup-0
rec-42858-org,rec-42858-dup-0
rec-14296-org,rec-14296-dup-0
rec-76185-org,rec-76185-dup-0
rec-26097-org,rec-26097-dup-0
rec-11067-org,rec-11067-dup-0
rec-63859-org,rec-63859-dup-0
rec-80115-org,rec-80115-dup-0
rec-20836-org,rec-20836-dup-0
rec-45955-org,rec-45955-dup-0
rec-40091-org,rec-40091-dup-0
rec-7803-org,rec-7803-dup-0
rec-85975-org,rec-85975-dup-0
rec-67956-org,rec-67956-dup-0
rec-79050-org,rec-79050-dup-0
rec-55303-org,rec-55303-dup-0
rec-39406-org,rec-39406-dup-0
rec-35728-org,rec-35728-dup-0
rec-65135-org,rec-65135-dup-0
rec-58033-org,rec-58033-dup-0
rec-29692-org,rec-29692-dup-0
rec-72714-org,rec-72714-dup-0
rec-9940-org,rec-9940-dup-0
rec-51932-org,rec-51932-dup-0
rec-55717-org,rec-55717-dup-0
rec-71424-org,rec-71424-dup-0
rec-8906-org,rec-8906-dup-0
rec-29657-org,rec-29657-dup-0
rec-56110-org,rec-56110-dup-0
rec-80135-org,rec-80135-dup-0
rec-39715-org,rec-39715-dup-0
rec-52382-org,rec-52382-dup-0
rec-14761-org,rec-14761-dup-0
rec-38324-org,rec-38324-dup-0
rec-62015-org,rec-62015-dup-0
rec-19252-org,rec-19252-dup-0
rec-82035-org,rec-82035-dup-0
rec-50658-org,rec-50658-dup-0
rec-23520-org,rec-23520-dup-0
rec-23884-org,rec-23884-dup-0
rec-59300-org,rec-59300-dup-0
rec-77395-org,rec-77395-dup-0
rec-60158-org,rec-60158-dup-0
rec-26797-org,rec-26797-dup-0
rec-1458-org,rec-1458-dup-0
rec-83222-org,rec-83222-dup-0
rec-70752-org,rec-70752-dup-0
rec-55186-org,rec-55186-dup-0
rec-22176-org,rec-22176-dup-0
rec-72218-org,rec-72218-dup-0
rec-37586-org,rec-37586-dup-0
rec-83756-org,rec-83756-dup-0
rec-32821-org,rec-32821-dup-0
rec-84360-org,rec-84360-dup-0
rec-83021-org,rec-83021-dup-0
rec-87156-org,rec-87156-dup-0
rec-50179-org,rec-50179-dup-0
rec-62595-org,rec-62595-dup-0
rec-60761-org,rec-60761-dup-0
rec-33120-org,rec-33120-dup-0
rec-81943-org,rec-81943-dup-0
rec-65847-org,rec-65847-dup-0
rec-13541-org,rec-13541-dup-0
rec-102-org,rec-102-dup-0
rec-64099-org,rec-64099-dup-0
rec-52044-org,rec-52044-dup-0
rec-13920-org,rec-13920-dup-0
rec-52643-org,rec-52643-dup-0
rec-35251-org,rec-35251-dup-0
rec-35549-org,rec-35549-dup-0
rec-59460-org,rec-59460-dup-0
rec-69290-org,rec-69290-dup-0
rec-31563-org,rec-31563-dup-0
rec-47452-org,rec-47452-dup-0
rec-44936-org,rec-44936-dup-0
rec-59262-org,rec-59262-dup-0
rec-45639-org,rec-45639-dup-0
rec-43054-org,rec-43054-dup-0
rec-25769-org,rec-25769-dup-0
rec-54496-org,rec-54496-dup-0
rec-60513-org,rec-60513-dup-0
rec-53351-org,rec-53351-dup-0
rec-20184-org,rec-20184-dup-0
rec-6668-org,rec-6668-dup-0
rec-30818-org,rec-30818-dup-0
rec-35595-org,rec-35595-dup-0
rec-5206-org,rec-5206-dup-0
rec-43063-org,rec-43063-dup-0
rec-32009-org,rec-32009-dup-0
rec-42848-org,rec-42848-dup-0
rec-57484-org,rec-57484-dup-0
rec-18298-org,rec-18298-dup-0
rec-64120-org,rec-64120-dup-0
rec-63023-org,rec-63023-dup-0
rec-80754-org,rec-80754-dup-0
rec-26836-org,rec-26836-dup-0
rec-63965-org,rec-63965-dup-0
rec-48874-org,rec-48874-dup-0
rec-69640-org,rec-69640-dup-0
rec-37196-org,rec-37196-dup-0
rec-78662-org,rec-78662-dup-0
rec-51416-org,rec-51416-dup-0
rec-16044-org,rec-16044-dup-0
rec-6177-org,rec-6177-dup-0
rec-1344-org,rec-1344-dup-0
rec-39734-org,rec-39734-dup-0
rec-22714-org,rec-22714-dup-0
rec-49638-org,rec-49638-dup-0
rec-28016-org,rec-28016-dup-0
rec-30046-org,rec-30046-dup-0
rec-34593-org,rec-34593-dup-0
rec-86500-org,rec-86500-dup-0
rec-47813-org,rec-47813-dup-0
rec-74814-org,rec-74814-dup-0
rec-43726-org,rec-43726-dup-0
rec-4339-org,rec-4339-dup-0
rec-24989-org,rec-24989-dup-0
rec-68921-org,rec-68921-dup-0
rec-84325-org,rec-84325-dup-0
rec-20733-org,rec-20733-dup-0
rec-5192-org,rec-5192-dup-0
rec-33061-org,rec-33061-dup-0
rec-2369-org,rec-2369-dup-0
rec-6508-org,rec-6508-dup-0
rec-66377-org,rec-66377-dup-0
rec-76186-org,rec-76186-dup-0
rec-84437-org,rec-84437-dup-0
rec-44119-org,rec-44119-dup-0
rec-2924-org,rec-2924-dup-0
rec-52554-org,rec-52554-dup-0
rec-89620-org,rec-89620-dup-0
rec-14039-org,rec-14039-dup-0
rec-1406-org,rec-1406-dup-0
rec-88051-org,rec-88051-dup-0
rec-5091-org,rec-5091-dup-0
rec-13944-org,rec-13944-dup-0
rec-82057-org,rec-82057-dup-0
rec-69074-org,rec-69074-dup-0
rec-31340-org,rec-31340-dup-0
rec-47623-org,rec-47623-dup-0
rec-86491-org,rec-86491-dup-0
rec-13202-org,rec-13202-dup-0
rec-72351-org,rec-72351-dup-0
rec-13512-org,rec-13512-dup-0
rec-78365-org,rec-78365-dup-0
rec-62517-org,rec-62517-dup-0
rec-66844-org,rec-66844-dup-0
rec-74689-org,rec-74689-dup-0
rec-57726-org,rec-57726-dup-0
rec-89888-org,rec-89888-dup-0
rec-65344-org,rec-65344-dup-0
rec-49840-org,rec-49840-dup-0
rec-47230-org,rec-47230-dup-0
rec-60771-org,rec-60771-dup-0
rec-75073-org,rec-75073-dup-0
rec-49654-org,rec-49654-dup-0
rec-58710-org,rec-58710-dup-0
rec-66519-org,rec-66519-dup-0
rec-55443-org,rec-55443-dup-0
rec-47863-org,rec-47863-dup-0
rec-22582-org,rec-22582-dup-0
rec-4080-org,rec-4080-dup-0
rec-3514-org,rec-3514-dup-0
rec-5826-org,rec-5826-dup-0
rec-63316-org,rec-63316-dup-0
rec-29595-org,rec-29595-dup-0
rec-72170-org,rec-72170-dup-0
rec-5968-org,rec-5968-dup-0
rec-58797-org,rec-58797-dup-0
rec-4681-org,rec-4681-dup-0
rec-11347-org,rec-11347-dup-0
rec-13485-org,rec-13485-dup-0
rec-6061-org,rec-6061-dup-0
rec-48691-org,rec-48691-dup-0
rec-53570-org,rec-53570-dup-0
rec-60527-org,rec-60527-dup-0
rec-48834-org,rec-48834-dup-0
rec-5132-org,rec-5132-dup-0
rec-88407-org,rec-88407-dup-0
rec-36977-org,rec-36977-dup-0
rec-12537-org,rec-12537-dup-0
rec-3889-org,rec-3889-dup-0
rec-1196-org,rec-1196-dup-0
rec-56348-org,rec-56348-dup-0
rec-65916-org,rec-65916-dup-0
rec-63398-org,rec-63398-dup-0
rec-63360-org,rec-63360-dup-0
rec-48360-org,rec-48360-dup-0
rec-24789-org,rec-24789-dup-0
rec-2545-org,rec-2545-dup-0
rec-16102-org,rec-16102-dup-0
rec-14306-org,rec-14306-dup-0
rec-15962-org,rec-15962-dup-0
rec-32161-org,rec-32161-dup-0
rec-88102-org,rec-88102-dup-0
rec-24874-org,rec-24874-dup-0
rec-4037-org,rec-4037-dup-0
rec-23596-org,rec-23596-dup-0
rec-71754-org,rec-71754-dup-0
rec-33957-org,rec-33957-dup-0
rec-38889-org,rec-38889-dup-0
rec-82895-org,rec-82895-dup-0
rec-41017-org,rec-41017-dup-0
rec-84910-org,rec-84910-dup-0
rec-7515-org,rec-7515-dup-0
rec-58283-org,rec-58283-dup-0
rec-16861-org,rec-16861-dup-0
rec-79294-org,rec-79294-dup-0
rec-49672-org,rec-49672-dup-0
rec-809-org,rec-809-dup-0
rec-43938-org,rec-43938-dup-0
rec-83402-org,rec-83402-dup-0
rec-17729-org,rec-17729-dup-0
rec-37102-org,rec-37102-dup-0
rec-81314-org,rec-81314-dup-0
rec-67179-org,rec-67179-dup-0
rec-74132-org,rec-74132-dup-0
rec-22968-org,rec-22968-dup-0
rec-77638-org,rec-77638-dup-0
rec-32263-org,rec-32263-dup-0
rec-69705-org,rec-69705-dup-0
rec-15547-org,rec-15547-dup-0
rec-37210-org,rec-37210-dup-0
rec-31769-org,rec-31769-dup-0
rec-76093-org,rec-76093-dup-0
rec-31808-org,rec-31808-dup-0
rec-9952-org,rec-9952-dup-0
rec-23931-org,rec-23931-dup-0
rec-17712-org,rec-17712-dup-0
rec-62100-org,rec-62100-dup-0
rec-88256-org,rec-88256-dup-0
rec-20264-org,rec-20264-dup-0
rec-551-org,rec-551-dup-0
rec-26264-org,rec-26264-dup-0
rec-88041-org,rec-88041-dup-0
rec-80996-org,rec-80996-dup-0
rec-68269-org,rec-68269-dup-0
rec-183-org,rec-183-dup-0
rec-30140-org,rec-30140-dup-0
rec-292-org,rec-292-dup-0
rec-51332-org,rec-51332-dup-0
rec-41143-org,rec-41143-dup-0
rec-19722-org,rec-19722-dup-0
rec-79783-org,rec-79783-dup-0
rec-9644-org,rec-9644-dup-0
rec-48287-org,rec-48287-dup-0
rec-83544-org,rec-83544-dup-0
rec-42039-org,rec-42039-dup-0
rec-75740-org,rec-75740-dup-0
rec-12029-org,rec-12029-dup-0
rec-15336-org,rec-15336-dup-0
rec-48877-org,rec-48877-dup-0
rec-13279-org,rec-13279-dup-0
rec-85207-org,rec-85207-dup-0
rec-57588-org,rec-57588-dup-0
rec-50071-org,rec-50071-dup-0
rec-27074-org,rec-27074-dup-0
rec-8109-org,rec-8109-dup-0
rec-77111-org,rec-77111-dup-0
rec-65120-org,rec-65120-dup-0
rec-23702-org,rec-23702-dup-0
rec-425-org,rec-425-dup-0
rec-49677-org,rec-49677-dup-0
rec-5419-org,rec-5419-dup-0
rec-87394-org,rec-87394-dup-0
rec-16099-org,rec-16099-dup-0
rec-28361-org,rec-28361-dup-0
rec-10968-org,rec-10968-dup-0
rec-65896-org,rec-65896-dup-0
rec-6376-org,rec-6376-dup-0
rec-34006-org,rec-34006-dup-0
rec-82899-org,rec-82899-dup-0
rec-63294-org,rec-63294-dup-0
rec-35019-org,rec-35019-dup-0
rec-34758-org,rec-34758-dup-0
rec-61370-org,rec-61370-dup-0
rec-8389-org,rec-8389-dup-0
rec-79188-org,rec-79188-dup-0
rec-43124-org,rec-43124-dup-0
rec-11622-org,rec-11622-dup-0
rec-5014-org,rec-5014-dup-0
rec-76676-org,rec-76676-dup-0
rec-83630-org,rec-83630-dup-0
rec-6688-org,rec-6688-dup-0
rec-42015-org,rec-42015-dup-0
rec-35869-org,rec-35869-dup-0
rec-14141-org,rec-14141-dup-0
rec-47608-org,rec-47608-dup-0
rec-60906-org,rec-60906-dup-0
rec-21180-org,rec-21180-dup-0
rec-19644-org,rec-19644-dup-0
rec-49302-org,rec-49302-dup-0
rec-15907-org,rec-15907-dup-0
rec-14021-org,rec-14021-dup-0
rec-54150-org,rec-54150-dup-0
rec-15599-org,rec-15599-dup-0
rec-67764-org,rec-67764-dup-0
rec-58777-org,rec-58777-dup-0
rec-27220-org,rec-27220-dup-0
rec-16808-org,rec-16808-dup-0
rec-41126-org,rec-41126-dup-0
rec-80173-org,rec-80173-dup-0
rec-7400-org,rec-7400-dup-0
rec-9128-org,rec-9128-dup-0
rec-88564-org,rec-88564-dup-0
rec-59714-org,rec-59714-dup-0
rec-41883-org,rec-41883-dup-0
rec-42235-org,rec-42235-dup-0
rec-39341-org,rec-39341-dup-0
rec-56962-org,rec-56962-dup-0
rec-7025-org,rec-7025-dup-0
rec-32716-org,rec-32716-dup-0
rec-32705-org,rec-32705-dup-0
rec-75909-org,rec-75909-dup-0
rec-45278-org,rec-45278-dup-0
rec-13832-org,rec-13832-dup-0
rec-4474-org,rec-4474-dup-0
rec-59681-org,rec-59681-dup-0
rec-3088-org,rec-3088-dup-0
rec-69632-org,rec-69632-dup-0
rec-6183-org,rec-6183-dup-0
rec-85441-org,rec-85441-dup-0
rec-74408-org,rec-74408-dup-0
rec-10101-org,rec-10101-dup-0
rec-44106-org,rec-44106-dup-0
rec-14919-org,rec-14919-dup-0
rec-87427-org,rec-87427-dup-0
rec-16878-org,rec-16878-dup-0
rec-79086-org,rec-79086-dup-0
rec-80796-org,rec-80796-dup-0
rec-24666-org,rec-24666-dup-0
rec-22557-org,rec-22557-dup-0
rec-33739-org,rec-33739-dup-0
rec-26978-org,rec-26978-dup-0
rec-30415-org,rec-30415-dup-0
rec-50945-org,rec-50945-dup-0
rec-86691-org,rec-86691-dup-0
rec-77340-org,rec-77340-dup-0
rec-22876-org,rec-22876-dup-0
rec-83374-org,rec-83374-dup-0
rec-77450-org,rec-77450-dup-0
rec-20850-org,rec-20850-dup-0
rec-39666-org,rec-39666-dup-0
rec-7336-org,rec-7336-dup-0
rec-37348-org,rec-37348-dup-0
rec-66173-org,rec-66173-dup-0
rec-17092-org,rec-17092-dup-0
rec-21342-org,rec-21342-dup-0
rec-69380-org,rec-69380-dup-0
rec-25173-org,rec-25173-dup-0
rec-82699-org,rec-82699-dup-0
rec-39333-org,rec-39333-dup-0
rec-12768-org,rec-12768-dup-0
rec-66182-org,rec-66182-dup-0
rec-27144-org,rec-27144-dup-0
rec-28799-org,rec-28799-dup-0
rec-71745-org,rec-71745-dup-0
rec-38481-org,rec-38481-dup-0
rec-18994-org,rec-18994-dup-0
rec-25029-org,rec-25029-dup-0
rec-81147-org,rec-81147-dup-0
rec-50485-org,rec-50485-dup-0
rec-37993-org,rec-37993-dup-0
rec-16823-org,rec-16823-dup-0
rec-376-org,rec-376-dup-0
rec-42086-org,rec-42086-dup-0
rec-37118-org,rec-37118-dup-0
rec-2350-org,rec-2350-dup-0
rec-58260-org,rec-58260-dup-0
rec-4262-org,rec-4262-dup-0
rec-34287-org,rec-34287-dup-0
rec-76451-org,rec-76451-dup-0
rec-71885-org,rec-71885-dup-0
rec-57024-org,rec-57024-dup-0
rec-29683-org,rec-29683-dup-0
rec-28510-org,rec-28510-dup-0
rec-75640-org,rec-75640-dup-0
rec-30302-org,rec-30302-dup-0
rec-51974-org,rec-51974-dup-0
rec-65338-org,rec-65338-dup-0
rec-88054-org,rec-88054-dup-0
rec-21285-org,rec-21285-dup-0
rec-46978-org,rec-46978-dup-0
rec-42107-org,rec-42107-dup-0
rec-31060-org,rec-31060-dup-0
rec-2429-org,rec-2429-dup-0
rec-918-org,rec-918-dup-0
rec-26587-org,rec-26587-dup-0
rec-43293-org,rec-43293-dup-0
rec-89816-org,rec-89816-dup-0
rec-81406-org,rec-81406-dup-0
rec-68732-org,rec-68732-dup-0
rec-1239-org,rec-1239-dup-0
rec-52471-org,rec-52471-dup-0
rec-57221-org,rec-57221-dup-0
rec-28568-org,rec-28568-dup-0
rec-20988-org,rec-20988-dup-0
rec-52544-org,rec-52544-dup-0
rec-28265-org,rec-28265-dup-0
rec-65530-org,rec-65530-dup-0
rec-20332-org,rec-20332-dup-0
rec-47907-org,rec-47907-dup-0
rec-87537-org,rec-87537-dup-0
rec-36781-org,rec-36781-dup-0
rec-47384-org,rec-47384-dup-0
rec-49234-org,rec-49234-dup-0
rec-10213-org,rec-10213-dup-0
rec-83154-org,rec-83154-dup-0
rec-82863-org,rec-82863-dup-0
rec-68611-org,rec-68611-dup-0
rec-42046-org,rec-42046-dup-0
rec-45830-org,rec-45830-dup-0
rec-82742-org,rec-82742-dup-0
rec-39892-org,rec-39892-dup-0
rec-39663-org,rec-39663-dup-0
rec-59853-org,rec-59853-dup-0
rec-35653-org,rec-35653-dup-0
rec-68704-org,rec-68704-dup-0
rec-61546-org,rec-61546-dup-0
rec-77124-org,rec-77124-dup-0
rec-66222-org,rec-66222-dup-0
rec-84197-org,rec-84197-dup-0
rec-53941-org,rec-53941-dup-0
rec-64067-org,rec-64067-dup-0
rec-45713-org,rec-45713-dup-0
rec-78158-org,rec-78158-dup-0
rec-23737-org,rec-23737-dup-0
rec-26530-org,rec-26530-dup-0
rec-54277-org,rec-54277-dup-0
rec-46391-org,rec-46391-dup-0
rec-19379-org,rec-19379-dup-0
rec-5207-org,rec-5207-dup-0
rec-60611-org,rec-60611-dup-0
rec-39217-org,rec-39217-dup-0
rec-18674-org,rec-18674-dup-0
rec-69934-org,rec-69934-dup-0
rec-78422-org,rec-78422-dup-0
rec-39049-org,rec-39049-dup-0
rec-21991-org,rec-21991-dup-0
rec-89680-org,rec-89680-dup-0
rec-68765-org,rec-68765-dup-0
rec-66569-org,rec-66569-dup-0
rec-57287-org,rec-57287-dup-0
rec-85075-org,rec-85075-dup-0
rec-70535-org,rec-70535-dup-0
rec-89257-org,rec-89257-dup-0
rec-46069-org,rec-46069-dup-0
rec-14003-org,rec-14003-dup-0
rec-45706-org,rec-45706-dup-0
rec-88456-org,rec-88456-dup-0
rec-89021-org,rec-89021-dup-0
rec-63856-org,rec-63856-dup-0
rec-76225-org,rec-76225-dup-0
rec-67833-org,rec-67833-dup-0
rec-37975-org,rec-37975-dup-0
rec-72110-org,rec-72110-dup-0
rec-24534-org,rec-24534-dup-0
rec-26612-org,rec-26612-dup-0
rec-42233-org,rec-42233-dup-0
rec-48057-org,rec-48057-dup-0
rec-89642-org,rec-89642-dup-0
rec-32201-org,rec-32201-dup-0
rec-62469-org,rec-62469-dup-0
rec-14918-org,rec-14918-dup-0
rec-77224-org,rec-77224-dup-0
rec-64898-org,rec-64898-dup-0
rec-81403-org,rec-81403-dup-0
rec-50906-org,rec-50906-dup-0
rec-53391-org,rec-53391-dup-0
rec-47289-org,rec-47289-dup-0
rec-79753-org,rec-79753-dup-0
rec-85078-org,rec-85078-dup-0
rec-56096-org,rec-56096-dup-0
rec-44737-org,rec-44737-dup-0
rec-20573-org,rec-20573-dup-0
rec-59814-org,rec-59814-dup-0
rec-69853-org,rec-69853-dup-0
rec-84085-org,rec-84085-dup-0
rec-2280-org,rec-2280-dup-0
rec-53109-org,rec-53109-dup-0
rec-38263-org,rec-38263-dup-0
rec-43901-org,rec-43901-dup-0
rec-22821-org,rec-22821-dup-0
rec-13526-org,rec-13526-dup-0
rec-3011-org,rec-3011-dup-0
rec-10667-org,rec-10667-dup-0
rec-6016-org,rec-6016-dup-0
rec-25477-org,rec-25477-dup-0
rec-34457-org,rec-34457-dup-0
rec-14065-org,rec-14065-dup-0
rec-1217-org,rec-1217-dup-0
rec-42891-org,rec-42891-dup-0
rec-72802-org,rec-72802-dup-0
rec-68186-org,rec-68186-dup-0
rec-84436-org,rec-84436-dup-0
rec-717-org,rec-717-dup-0
rec-24859-org,rec-24859-dup-0
rec-49636-org,rec-49636-dup-0
rec-55336-org,rec-55336-dup-0
rec-26707-org,rec-26707-dup-0
rec-89055-org,rec-89055-dup-0
rec-2157-org,rec-2157-dup-0
rec-87921-org,rec-87921-dup-0
rec-36887-org,rec-36887-dup-0
rec-9664-org,rec-9664-dup-0
rec-39082-org,rec-39082-dup-0
rec-73461-org,rec-73461-dup-0
rec-82651-org,rec-82651-dup-0
rec-50197-org,rec-50197-dup-0
rec-10655-org,rec-10655-dup-0
rec-87414-org,rec-87414-dup-0
rec-53221-org,rec-53221-dup-0
rec-45610-org,rec-45610-dup-0
rec-81378-org,rec-81378-dup-0
rec-4081-org,rec-4081-dup-0
rec-43075-org,rec-43075-dup-0
rec-36171-org,rec-36171-dup-0
rec-9807-org,rec-9807-dup-0
rec-59504-org,rec-59504-dup-0
rec-3662-org,rec-3662-dup-0
rec-40199-org,rec-40199-dup-0
rec-22124-org,rec-22124-dup-0
rec-40604-org,rec-40604-dup-0
rec-6142-org,rec-6142-dup-0
rec-36105-org,rec-36105-dup-0
rec-72769-org,rec-72769-dup-0
rec-81291-org,rec-81291-dup-0
rec-45768-org,rec-45768-dup-0
rec-25879-org,rec-25879-dup-0
rec-61207-org,rec-61207-dup-0
rec-60799-org,rec-60799-dup-0
rec-47328-org,rec-47328-dup-0
rec-32639-org,rec-32639-dup-0
rec-7868-org,rec-7868-dup-0
rec-65072-org,rec-65072-dup-0
rec-71123-org,rec-71123-dup-0
rec-25495-org,rec-25495-dup-0
rec-81083-org,rec-81083-dup-0
